{
    "velocity": {
        "mean": 4.401707165865887,
        "std_dev": 4.843780246425598,
        "min": -0.17685688388252543,
        "max": 10.959569865567495
    },
    "acceleration_x": {
        "mean": 0.008037377889742589,
        "std_dev": 0.38556153473897087,
        "min": -2.136027541081344,
        "max": 1.8588840642371793,
        "rolling_mean_exceed_count": 0
    },
    "acceleration_y": {
        "mean": -0.20925152210743347,
        "std_dev": 0.65284123144924,
        "min": -3.2640540578824004,
        "max": 2.21319924680037
    },
    "jerk_x": {
        "mean": -0.010870947445629695,
        "std_dev": 10.83841057272544,
        "min": -468.94239060644315,
        "max": 318.75767030534064,
        "rolling_mean_exceed_count": 3
    },
    "jerk_y": {
        "mean": 0.0234227136746297,
        "std_dev": 17.122838832201356,
        "min": -334.727054812516,
        "max": 256.07468136188595,
        "rolling_mean_exceed_count": 40
    },
    "roll": {
        "mean": -0.1201564693100114,
        "std_dev": 0.8353224069693882,
        "min": -1.688419663836131,
        "max": 3.7920146174933747
    },
    "pitch": {
        "mean": -0.894839392934994,
        "std_dev": 0.17448086647426747,
        "min": -1.656855735261925,
        "max": -0.010175044534434694
    },
    "cte": {
        "mean": 0.2325468623708519,
        "std_dev": 0.2783647453036831,
        "min": 7.339731904047025e-06,
        "max": 1.4483421925549993,
        "rmse": 0.36271886444809054
    },
    "headingerror": {
        "mean": 1.2360682384709536,
        "std_dev": 1.9328793896852137,
        "min": 0.00035394891551732144,
        "max": 25.380702975474684,
        "rmse": 2.2943163306803553
    }
}