{
    "velocity": {
        "mean": 3.637896335094898,
        "std_dev": 4.157444096546321,
        "min": -0.19410233469235497,
        "max": 11.439575758570124
    },
    "acceleration_x": {
        "mean": 0.007064289817390516,
        "std_dev": 0.4559866698402437,
        "min": -1.954614925380782,
        "max": 1.8426618766144405,
        "rolling_mean_exceed_count": 0
    },
    "acceleration_y": {
        "mean": -0.13072690263939443,
        "std_dev": 0.41063123763678866,
        "min": -2.509551600300024,
        "max": 1.9090166947802112
    },
    "jerk_x": {
        "mean": -0.009426618764821985,
        "std_dev": 9.700253833655509,
        "min": -127.53844684767175,
        "max": 291.30910098728845,
        "rolling_mean_exceed_count": 1
    },
    "jerk_y": {
        "mean": 0.01625779448972583,
        "std_dev": 15.723487403281263,
        "min": -240.1960311751286,
        "max": 328.57284948290277,
        "rolling_mean_exceed_count": 29
    },
    "roll": {
        "mean": 0.2137142512608422,
        "std_dev": 0.9046455939497661,
        "min": -1.376811833098154,
        "max": 4.2537241146760865
    },
    "pitch": {
        "mean": -1.014212103631015,
        "std_dev": 0.18105473281761744,
        "min": -1.7724290471049071,
        "max": -0.16244486921846676
    },
    "cte": {
        "mean": 0.1846823114102027,
        "std_dev": 0.4528909901104979,
        "min": 9.97814114612026e-06,
        "max": 3.786222803092109,
        "rmse": 0.4890989726743271
    },
    "headingerror": {
        "mean": 0.9693538616814724,
        "std_dev": 1.776235445119192,
        "min": 0.0003555397475309974,
        "max": 18.089709687972558,
        "rmse": 2.023526443033191
    }
}