{
    "velocity": {
        "mean": 3.735332973153082,
        "std_dev": 4.200920825540349,
        "min": -0.18616538757949977,
        "max": 10.650789363021186
    },
    "acceleration_x": {
        "mean": -0.007005160043860141,
        "std_dev": 0.4151564567372453,
        "min": -2.0715902775149577,
        "max": 1.824606049215429,
        "rolling_mean_exceed_count": 0
    },
    "acceleration_y": {
        "mean": -0.1375063557991836,
        "std_dev": 0.5050147715429292,
        "min": -4.311413810994969,
        "max": 2.2838950451660827
    },
    "jerk_x": {
        "mean": -0.02084725298391015,
        "std_dev": 9.526208673777727,
        "min": -155.3830691161231,
        "max": 205.17253730669137,
        "rolling_mean_exceed_count": 0
    },
    "jerk_y": {
        "mean": -0.005834297679406792,
        "std_dev": 15.52280538782433,
        "min": -267.0701463706617,
        "max": 287.5101165829402,
        "rolling_mean_exceed_count": 7
    },
    "roll": {
        "mean": 0.18615328142626367,
        "std_dev": 0.9878409966747072,
        "min": -2.0963319997400327,
        "max": 4.822775099529821
    },
    "pitch": {
        "mean": -1.020712727708937,
        "std_dev": 0.185948735397587,
        "min": -1.8560917164765802,
        "max": -0.12194751130810531
    },
    "cte": {
        "mean": 0.29149913854278897,
        "std_dev": 0.37831178708459684,
        "min": 0.00011126207016124734,
        "max": 3.3212197656142113,
        "rmse": 0.47758931732015253
    },
    "headingerror": {
        "mean": 0.995628564115183,
        "std_dev": 3.244157801568139,
        "min": 5.143655499750821e-05,
        "max": 35.96810206816881,
        "rmse": 3.393499090784832
    }
}