{
    "velocity": {
        "mean": 3.2309179966489943,
        "std_dev": 4.125437676316493,
        "min": -0.16968924911768055,
        "max": 10.675433576339215
    },
    "acceleration_x": {
        "mean": 0.0010688030211522404,
        "std_dev": 0.5124495097515344,
        "min": -2.059149610724064,
        "max": 1.9877271325996504,
        "rolling_mean_exceed_count": 0
    },
    "acceleration_y": {
        "mean": -0.11137202383796442,
        "std_dev": 0.3856514118169287,
        "min": -2.780042515574821,
        "max": 1.864946373552797
    },
    "jerk_x": {
        "mean": -0.012158713152419402,
        "std_dev": 10.26326196577066,
        "min": -359.56446771973805,
        "max": 521.3058046160231,
        "rolling_mean_exceed_count": 2
    },
    "jerk_y": {
        "mean": -0.0008007639131864142,
        "std_dev": 15.04760917492631,
        "min": -371.62248951330105,
        "max": 359.4962793145688,
        "rolling_mean_exceed_count": 15
    },
    "roll": {
        "mean": 0.23217859296832735,
        "std_dev": 0.8404479484021377,
        "min": -1.3972772889148768,
        "max": 4.265448504152228
    },
    "pitch": {
        "mean": -1.0311380421117189,
        "std_dev": 0.18278541967270195,
        "min": -1.827127763118531,
        "max": -0.2503490871225693
    },
    "cte": {
        "mean": 0.2130790618483509,
        "std_dev": 0.33403758097412917,
        "min": 1.7421250455339917e-05,
        "max": 1.1702131275166863,
        "rmse": 0.39621180207210044
    },
    "headingerror": {
        "mean": 0.8466418357615717,
        "std_dev": 1.521679124040652,
        "min": -0.1803226948865131,
        "max": 18.04675121547246,
        "rmse": 1.7413528518375734
    }
}