{
    "velocity": {
        "mean": 3.5320170627019167,
        "std_dev": 4.134029819257887,
        "min": -0.12096598169729603,
        "max": 10.650233614208137
    },
    "acceleration_x": {
        "mean": -0.0003571705875269359,
        "std_dev": 0.45569884817506306,
        "min": -2.1086887330270887,
        "max": 2.043062018599705,
        "rolling_mean_exceed_count": 0
    },
    "acceleration_y": {
        "mean": -0.12801536767003538,
        "std_dev": 0.34694977083709766,
        "min": -1.8977628902991077,
        "max": 1.6435263509988864
    },
    "jerk_x": {
        "mean": 0.009217226834795656,
        "std_dev": 9.685423764109656,
        "min": -218.17120185241563,
        "max": 250.17606568176046,
        "rolling_mean_exceed_count": 0
    },
    "jerk_y": {
        "mean": 0.010495034976342656,
        "std_dev": 14.999211822675852,
        "min": -297.7661275452727,
        "max": 219.7705369046063,
        "rolling_mean_exceed_count": 3
    },
    "roll": {
        "mean": 0.20632732135482348,
        "std_dev": 0.8890607436449885,
        "min": -1.321291149342806,
        "max": 3.9087502404267718
    },
    "pitch": {
        "mean": -1.0300595507269998,
        "std_dev": 0.17654240403338847,
        "min": -1.7960862146081955,
        "max": -0.15158084256412974
    },
    "cte": {
        "mean": 0.33984182111188777,
        "std_dev": 0.3929642966587101,
        "min": 5.838847006091921e-06,
        "max": 3.208365147518909,
        "rmse": 0.519531906455339
    },
    "headingerror": {
        "mean": 1.4205827003790537,
        "std_dev": 2.4495288569688074,
        "min": 5.859569665744857e-05,
        "max": 25.4306041929349,
        "rmse": 2.8316509018131377
    }
}