{
    "velocity": {
        "mean": 4.1413628152885495,
        "std_dev": 5.042682747898094,
        "min": -0.1655688989646062,
        "max": 10.69764997596859
    },
    "acceleration_x": {
        "mean": 0.012755862619397351,
        "std_dev": 0.5442720963876747,
        "min": -4.303145557610966,
        "max": 2.065073693849442,
        "rolling_mean_exceed_count": 0
    },
    "acceleration_y": {
        "mean": -0.2642916743871545,
        "std_dev": 0.8253244296069856,
        "min": -4.896083511700776,
        "max": 2.2108416228847534
    },
    "jerk_x": {
        "mean": 0.0007026025824347763,
        "std_dev": 11.329276729697412,
        "min": -217.04504471855094,
        "max": 241.5027414678078,
        "rolling_mean_exceed_count": 49
    },
    "jerk_y": {
        "mean": 0.016466925873886193,
        "std_dev": 18.910458419419015,
        "min": -230.2608132950569,
        "max": 345.00144602631354,
        "rolling_mean_exceed_count": 125
    },
    "roll": {
        "mean": 0.1001135720797494,
        "std_dev": 0.8022523904234734,
        "min": -1.6626298609432595,
        "max": 3.9149282658352065
    },
    "pitch": {
        "mean": -1.0202220475727068,
        "std_dev": 0.1775878347831447,
        "min": -1.8218010883319276,
        "max": -0.01255334410136512
    },
    "cte": {
        "mean": 0.46900130102151605,
        "std_dev": 1.0342065300251997,
        "min": 9.675155927251687e-06,
        "max": 12.244613187143548,
        "rmse": 1.1355815105515934
    },
    "headingerror": {
        "mean": 1.0932779127498655,
        "std_dev": 2.097976504710021,
        "min": 9.321930685501911e-05,
        "max": 26.87026713450971,
        "rmse": 2.3657476638098958
    }
}