{
    "velocity": {
        "mean": 2.9512182001654645,
        "std_dev": 4.451521166724037,
        "min": -0.151472259287,
        "max": 10.63424347004346
    },
    "acceleration_x": {
        "mean": -0.13320445502917674,
        "std_dev": 1.0261714752112525,
        "min": -3.4062617833703266,
        "max": 1.6516538100507123,
        "rolling_mean_exceed_count": 0
    },
    "acceleration_y": {
        "mean": 0.003409994347610098,
        "std_dev": 0.08327657747238239,
        "min": -0.36694325295521807,
        "max": 0.5219524457971797
    },
    "jerk_x": {
        "mean": 0.0369094935924967,
        "std_dev": 7.845070869923618,
        "min": -78.23922361016893,
        "max": 72.47494975896979,
        "rolling_mean_exceed_count": 0
    },
    "jerk_y": {
        "mean": -0.08692361263188395,
        "std_dev": 11.996132077846354,
        "min": -115.30567994354904,
        "max": 89.91265233858645,
        "rolling_mean_exceed_count": 0
    },
    "roll": {
        "mean": 0.13931047082768228,
        "std_dev": 0.1089469455363397,
        "min": -0.011398764737472193,
        "max": 0.3827263884557103
    },
    "pitch": {
        "mean": -1.151461915446762,
        "std_dev": 0.24436534174465785,
        "min": -1.737749351103662,
        "max": -0.6423613130820781
    },
    "cte": {
        "mean": 6.6090389795524365,
        "std_dev": 1.1562205124465295,
        "min": 5.288903918339973,
        "max": 10.458569356111102,
        "rmse": 6.709414438432434
    },
    "headingerror": {
        "mean": 5.0128723428721305,
        "std_dev": 4.251766438954579,
        "min": 0.008173075808258545,
        "max": 11.274366957439398,
        "rmse": 6.5731580672727485
    }
}