{
    "velocity": {
        "mean": 3.8240583019708745,
        "std_dev": 4.226633297606414,
        "min": -0.164822389179802,
        "max": 11.10692893976385
    },
    "acceleration_x": {
        "mean": 0.08000528358345642,
        "std_dev": 1.0031205410791755,
        "min": -5.10001594360285,
        "max": 1.5086072872545786,
        "rolling_mean_exceed_count": 0
    },
    "acceleration_y": {
        "mean": -0.0001220481919002727,
        "std_dev": 0.10897795938566439,
        "min": -0.5307944032677113,
        "max": 0.6616967637595713
    },
    "jerk_x": {
        "mean": -0.016503640519834908,
        "std_dev": 12.487571445645063,
        "min": -272.0112909512901,
        "max": 271.4131085905058,
        "rolling_mean_exceed_count": 3
    },
    "jerk_y": {
        "mean": 0.00490098105286091,
        "std_dev": 13.046531354189261,
        "min": -131.4169839043486,
        "max": 169.15901416539583,
        "rolling_mean_exceed_count": 0
    },
    "roll": {
        "mean": 0.15675989363560439,
        "std_dev": 0.11877663521700027,
        "min": -0.2921959265741196,
        "max": 0.5085520345635057
    },
    "pitch": {
        "mean": -1.1049832236736552,
        "std_dev": 0.23381651334239847,
        "min": -2.076124250524543,
        "max": -0.6686112123763303
    },
    "cte": {
        "mean": 4.53495758743556,
        "std_dev": 2.355117429417988,
        "min": 0.0018144121540943049,
        "max": 10.4638805913868,
        "rmse": 5.110031157066241
    },
    "headingerror": {
        "mean": 1.9236592980278375,
        "std_dev": 2.909447037479966,
        "min": 0.00048433102129763483,
        "max": 12.60293750271454,
        "rmse": 3.487885772038686
    }
}