{
    "velocity": {
        "mean": 4.65054634808899,
        "std_dev": 4.906467955445286,
        "min": -0.1157229369127669,
        "max": 12.167365180109307
    },
    "acceleration_x": {
        "mean": 0.23634836443291662,
        "std_dev": 0.9302277978422642,
        "min": -4.618203967476639,
        "max": 1.5804957257488992,
        "rolling_mean_exceed_count": 0
    },
    "acceleration_y": {
        "mean": -0.031268648741683606,
        "std_dev": 0.1623991237449879,
        "min": -0.7950567971224588,
        "max": 0.6176840694547339
    },
    "jerk_x": {
        "mean": -0.11138475666724147,
        "std_dev": 10.826384681400024,
        "min": -249.4402921633752,
        "max": 69.21708878003155,
        "rolling_mean_exceed_count": 0
    },
    "jerk_y": {
        "mean": 0.06206011095056381,
        "std_dev": 12.963208826928781,
        "min": -100.39997190580306,
        "max": 94.95030291953375,
        "rolling_mean_exceed_count": 0
    },
    "roll": {
        "mean": 0.15419032136778352,
        "std_dev": 0.09940424833803711,
        "min": -0.08974801358482117,
        "max": 0.35899476065313657
    },
    "pitch": {
        "mean": -1.026833240308147,
        "std_dev": 0.22033109849123145,
        "min": -1.938806635819247,
        "max": -0.5482584963998778
    },
    "cte": {
        "mean": 5.518991104564332,
        "std_dev": 2.403944027955488,
        "min": 0.00916612992812621,
        "max": 10.467710369293151,
        "rmse": 6.019818078796325
    },
    "headingerror": {
        "mean": 2.9997855527620643,
        "std_dev": 3.5919856660064826,
        "min": 0.0011010657928665069,
        "max": 11.329542442412631,
        "rmse": 4.679858372574542
    }
}