{
    "velocity": {
        "mean": 3.7215649132114423,
        "std_dev": 3.9706394803528315,
        "min": -0.11841897284191545,
        "max": 10.657054757078987
    },
    "acceleration_x": {
        "mean": 0.029469458442142375,
        "std_dev": 0.5748312613904826,
        "min": -2.544878834553611,
        "max": 1.5242463608361294,
        "rolling_mean_exceed_count": 0
    },
    "acceleration_y": {
        "mean": 0.002467270118683777,
        "std_dev": 0.10752996317722162,
        "min": -0.3885236351380163,
        "max": 0.644280526730173
    },
    "jerk_x": {
        "mean": -0.060281085552291135,
        "std_dev": 7.983292989308145,
        "min": -63.60155982075907,
        "max": 65.49308570397417,
        "rolling_mean_exceed_count": 0
    },
    "jerk_y": {
        "mean": 0.044982234332384165,
        "std_dev": 12.114963243595424,
        "min": -119.82624110828881,
        "max": 112.15190651717016,
        "rolling_mean_exceed_count": 0
    },
    "roll": {
        "mean": 0.14491551367244015,
        "std_dev": 0.11478379676591274,
        "min": -0.1244139235565948,
        "max": 0.47676213347853125
    },
    "pitch": {
        "mean": -1.107382647234,
        "std_dev": 0.1595095393755525,
        "min": -1.7909208852857128,
        "max": -0.6799448481673817
    },
    "cte": {
        "mean": 4.212693178884921,
        "std_dev": 2.3756535077251413,
        "min": 8.40989204444424e-05,
        "max": 10.43756685685896,
        "rmse": 4.8363739938295005
    },
    "headingerror": {
        "mean": 2.0836953964350493,
        "std_dev": 3.169726619493722,
        "min": 1.2700763107886814e-06,
        "max": 12.801364443612002,
        "rmse": 3.7932773886774633
    }
}