{
    "velocity": {
        "mean": 2.5777194639793324,
        "std_dev": 4.06021660717336,
        "min": -0.12857497285615743,
        "max": 10.66875587205777
    },
    "acceleration_x": {
        "mean": -0.15177746137782044,
        "std_dev": 1.1248727128367935,
        "min": -4.964482474884001,
        "max": 1.5671460598137463,
        "rolling_mean_exceed_count": 0
    },
    "acceleration_y": {
        "mean": 0.0050651539194407165,
        "std_dev": 0.08030966358788293,
        "min": -0.3949985161029559,
        "max": 0.4523027599155126
    },
    "jerk_x": {
        "mean": -0.10398336591364349,
        "std_dev": 8.466441737910609,
        "min": -92.1334620312272,
        "max": 91.65576496057558,
        "rolling_mean_exceed_count": 0
    },
    "jerk_y": {
        "mean": -0.07227093550701709,
        "std_dev": 9.383334655334169,
        "min": -97.45473616516095,
        "max": 65.40532726150765,
        "rolling_mean_exceed_count": 0
    },
    "roll": {
        "mean": 0.23297946058767843,
        "std_dev": 0.04267591705897931,
        "min": 0.09483452927948262,
        "max": 0.3882467373057782
    },
    "pitch": {
        "mean": -1.1214956204737505,
        "std_dev": 0.2534956740365119,
        "min": -1.9730019032181032,
        "max": -0.68322162171712
    },
    "cte": {
        "mean": 7.3301863387383275,
        "std_dev": 0.7007713040763259,
        "min": 6.892821203393811,
        "max": 10.458036000908796,
        "rmse": 7.363607280487114
    },
    "headingerror": {
        "mean": 1.5505240320316258,
        "std_dev": 2.8198485623230245,
        "min": 0.0008494952522539734,
        "max": 11.31608676576515,
        "rmse": 3.2180227917687034
    }
}