{
    "velocity": {
        "mean": 5.042667427257301,
        "std_dev": 5.247063723754813,
        "min": -0.1592502178107569,
        "max": 13.02700422415351
    },
    "acceleration_x": {
        "mean": 0.2721392322285607,
        "std_dev": 0.5715241935682825,
        "min": -0.7828880569615023,
        "max": 1.5149229299627416,
        "rolling_mean_exceed_count": 0
    },
    "acceleration_y": {
        "mean": -0.03529902572842761,
        "std_dev": 0.16049054919701303,
        "min": -0.7773240767909396,
        "max": 0.5904602791600384
    },
    "jerk_x": {
        "mean": 0.11768363851559185,
        "std_dev": 9.4310842509417,
        "min": -70.3675315106765,
        "max": 72.70165006820395,
        "rolling_mean_exceed_count": 0
    },
    "jerk_y": {
        "mean": -0.0869119695700421,
        "std_dev": 14.240990737757706,
        "min": -98.11259602846641,
        "max": 130.5194755187996,
        "rolling_mean_exceed_count": 0
    },
    "roll": {
        "mean": 0.17141676175789555,
        "std_dev": 0.10486060183474068,
        "min": -0.09047281374403551,
        "max": 0.3878246879603182
    },
    "pitch": {
        "mean": -1.0341023745353701,
        "std_dev": 0.14932386838243566,
        "min": -1.4197336447725024,
        "max": -0.6521293678695417
    },
    "cte": {
        "mean": 5.60457904131249,
        "std_dev": 2.291167963986288,
        "min": 0.05394625403479088,
        "max": 10.42747760240228,
        "rmse": 6.0548127030913435
    },
    "headingerror": {
        "mean": 2.8514366903082116,
        "std_dev": 3.7280740424547822,
        "min": 0.0036615754772384435,
        "max": 12.83814872557842,
        "rmse": 4.69353036262268
    }
}