{
    "velocity": {
        "mean": 4.331748261452548,
        "std_dev": 4.715485114696806,
        "min": -0.1575522800166998,
        "max": 10.650849451181653
    },
    "acceleration_x": {
        "mean": 0.15543526894099738,
        "std_dev": 1.090369280516881,
        "min": -4.530363956881885,
        "max": 1.6060005689762977,
        "rolling_mean_exceed_count": 0
    },
    "acceleration_y": {
        "mean": -0.02516551162795065,
        "std_dev": 0.1860972067738446,
        "min": -1.1774765966729748,
        "max": 0.4864775889595461
    },
    "jerk_x": {
        "mean": -0.06081561047606767,
        "std_dev": 9.325604399462598,
        "min": -85.21419890675705,
        "max": 83.07885967772286,
        "rolling_mean_exceed_count": 0
    },
    "jerk_y": {
        "mean": -0.01727185800311462,
        "std_dev": 12.878796273147273,
        "min": -116.06668286144583,
        "max": 129.67274632333226,
        "rolling_mean_exceed_count": 0
    },
    "roll": {
        "mean": 0.14757928477278245,
        "std_dev": 0.12018216562952069,
        "min": -0.30184498903003926,
        "max": 0.3559698341466642
    },
    "pitch": {
        "mean": -1.0421109607711,
        "std_dev": 0.2666813871657595,
        "min": -1.9004779073770084,
        "max": -0.5547714028055439
    },
    "cte": {
        "mean": 5.4650054276698885,
        "std_dev": 2.561778196611717,
        "min": 0.010060499029928116,
        "max": 10.612129542812331,
        "rmse": 6.035643449798582
    },
    "headingerror": {
        "mean": 2.9368517033823163,
        "std_dev": 3.489161468217211,
        "min": 0.009743047047379605,
        "max": 11.813226275547535,
        "rmse": 4.560629965142019
    }
}