{
    "velocity": {
        "mean": 3.667518076273192,
        "std_dev": 4.126233017251299,
        "min": -0.15446270694554892,
        "max": 10.979433519599935
    },
    "acceleration_x": {
        "mean": 0.006423792260166194,
        "std_dev": 0.4620630064629021,
        "min": -1.954614925380782,
        "max": 1.8426618766144405,
        "rolling_mean_exceed_count": 0
    },
    "acceleration_y": {
        "mean": -0.1393051358607987,
        "std_dev": 0.4154031096112234,
        "min": -2.509551600300024,
        "max": 1.9090166947802112
    },
    "jerk_x": {
        "mean": -0.004894676722142875,
        "std_dev": 9.813763107353825,
        "min": -127.53844684767175,
        "max": 291.30910098728845,
        "rolling_mean_exceed_count": 1
    },
    "jerk_y": {
        "mean": 0.016779222821317087,
        "std_dev": 15.937831668457065,
        "min": -240.1960311751286,
        "max": 328.57284948290277,
        "rolling_mean_exceed_count": 29
    },
    "roll": {
        "mean": 0.19723465092312797,
        "std_dev": 0.9272643500855773,
        "min": -1.376811833098154,
        "max": 4.2537241146760865
    },
    "pitch": {
        "mean": -1.0155451203516441,
        "std_dev": 0.1851522763668359,
        "min": -1.7724290471049071,
        "max": -0.16244486921846676
    },
    "cte": {
        "mean": 0.1132674923887028,
        "std_dev": 0.1291267549687861,
        "min": 9.97814114612026e-06,
        "max": 1.221672260696899,
        "rmse": 0.17176508283348443
    },
    "headingerror": {
        "mean": 0.8443841567263293,
        "std_dev": 1.6155378305518422,
        "min": 0.0003555397475309974,
        "max": 18.089709687972558,
        "rmse": 1.8228952482451062
    }
}