{
    "velocity": {
        "mean": 4.0569360072702985,
        "std_dev": 4.2284018267655945,
        "min": -0.17383120554694223,
        "max": 10.245873894029836
    },
    "acceleration_x": {
        "mean": -0.045565137206115186,
        "std_dev": 0.3466086730737846,
        "min": -0.7248901410194166,
        "max": 1.2414480939329628
    },
    "acceleration_y": {
        "mean": 0.07409132690149124,
        "std_dev": 0.8569288346014318,
        "min": -1.559606044723737,
        "max": 2.21319924680037
    },
    "jerk_x": {
        "mean": 0.025125220833515694,
        "std_dev": 7.292789361698401,
        "min": -51.40391098628498,
        "max": 63.35464325970342,
        "rolling_mean_exceed_count": 0
    },
    "jerk_y": {
        "mean": 0.10148143560959635,
        "std_dev": 13.819591342723488,
        "min": -205.7086280210525,
        "max": 179.7490953907145,
        "rolling_mean_exceed_count": 0
    },
    "roll": {
        "mean": -0.3566844564530819,
        "std_dev": 0.3319087373476267,
        "min": -0.9119567075496026,
        "max": 0.2753865328761368
    },
    "pitch": {
        "mean": -0.9335678053963019,
        "std_dev": 0.1387174090323302,
        "min": -1.523530015236635,
        "max": -0.6197704926972395
    },
    "cte": {
        "mean": 0.20108029971962793,
        "std_dev": 0.15378246640249063,
        "min": 0.00011426527636681651,
        "max": 0.5611796993422581,
        "rmse": 0.25314488718551786
    },
    "headingerror": {
        "mean": 0.8626942885846286,
        "std_dev": 0.7469134597611549,
        "min": 0.00035394891551732144,
        "max": 3.5041872444045623,
        "rmse": 1.1411052326270863
    }
}