{
    "velocity": {
        "mean": 4.60070101916748,
        "std_dev": 4.705360732635146,
        "min": -0.11364809000450232,
        "max": 10.926996913891355
    },
    "acceleration_x": {
        "mean": -0.07585600786081392,
        "std_dev": 0.2998501062235671,
        "min": -0.6283074443761708,
        "max": 1.1312993483312257
    },
    "acceleration_y": {
        "mean": -0.7805475383127162,
        "std_dev": 0.593185769453301,
        "min": -2.175009279937408,
        "max": 0.4463586627697773
    },
    "jerk_x": {
        "mean": -0.020525578566776736,
        "std_dev": 9.471350617100974,
        "min": -117.57724740453388,
        "max": 55.39332587493922,
        "rolling_mean_exceed_count": 0
    },
    "jerk_y": {
        "mean": -0.07324087676027932,
        "std_dev": 17.13228108290203,
        "min": -261.347658416478,
        "max": 242.52120085888387,
        "rolling_mean_exceed_count": 0
    },
    "roll": {
        "mean": 0.4669425788629009,
        "std_dev": 1.4748944889548872,
        "min": -1.6460776787988516,
        "max": 3.7920146174933747
    },
    "pitch": {
        "mean": -0.9202814783645002,
        "std_dev": 0.2175457790331509,
        "min": -1.5344197258311063,
        "max": -0.2538338681632175
    },
    "cte": {
        "mean": 0.153391423481714,
        "std_dev": 0.11924230795316718,
        "min": 0.0005588594538836596,
        "max": 0.7582295741689921,
        "rmse": 0.19428756214370616
    },
    "headingerror": {
        "mean": 1.2261360302136197,
        "std_dev": 1.613319625750812,
        "min": 0.000891119021588338,
        "max": 12.411357976149446,
        "rmse": 2.0263784886888123
    }
}