{
    "velocity": {
        "mean": 5.147921146490932,
        "std_dev": 5.29537606596526,
        "min": -0.16233511684808774,
        "max": 10.959569865567495
    },
    "acceleration_x": {
        "mean": 0.0966945536144817,
        "std_dev": 0.35469969256202666,
        "min": -0.5452762637300101,
        "max": 1.8588840642371793
    },
    "acceleration_y": {
        "mean": 0.23486707032341422,
        "std_dev": 0.4511002499171058,
        "min": -0.8576196850414897,
        "max": 1.2569291006142729
    },
    "roll": {
        "mean": -0.2623817706226996,
        "std_dev": 0.706800628553669,
        "min": -1.3516084271132718,
        "max": 0.8819576710673196
    },
    "cte": {
        "mean": 0.2359377714373132,
        "std_dev": 0.11791171594851534,
        "min": 0.002440926713900867,
        "max": 0.4278586318718381,
        "rmse": 0.2637608855549458
    },
    "headingerror": {
        "mean": 1.034057334150784,
        "std_dev": 0.5127826275889105,
        "min": 0.008177516263543794,
        "max": 2.385031563784878,
        "rmse": 1.1542186073131957
    }
}