{
    "velocity": {
        "mean": 5.340199601164009,
        "std_dev": 5.459807334219641,
        "min": -0.16371447682471943,
        "max": 10.943981450367113
    },
    "acceleration_x": {
        "mean": 0.06227268072198989,
        "std_dev": 0.2606639572128798,
        "min": -0.4359947101079576,
        "max": 1.3039984077254965
    },
    "acceleration_y": {
        "mean": -0.011915192843281474,
        "std_dev": 0.40720963691484385,
        "min": -1.0451446372436566,
        "max": 1.207758837436241
    },
    "jerk_x": {
        "mean": -0.004381926993026233,
        "std_dev": 9.541934194445986,
        "min": -63.57622530647584,
        "max": 77.2287941423154,
        "rolling_mean_exceed_count": 0
    },
    "jerk_y": {
        "mean": 0.01917277192859944,
        "std_dev": 19.41499827082755,
        "min": -312.29006462888503,
        "max": 212.56583018948106,
        "rolling_mean_exceed_count": 10
    },
    "roll": {
        "mean": -0.3519317718524165,
        "std_dev": 0.6150867949591233,
        "min": -1.688419663836131,
        "max": 0.5732246435506514
    },
    "pitch": {
        "mean": -0.8705730109942923,
        "std_dev": 0.11642666159774796,
        "min": -1.5114763461553875,
        "max": -0.3656249324590713
    },
    "cte": {
        "mean": 0.18828332370034992,
        "std_dev": 0.15818856580280427,
        "min": 0.000395319024534698,
        "max": 0.7446786384921046,
        "rmse": 0.245915091717444
    },
    "headingerror": {
        "mean": 1.1163969931901399,
        "std_dev": 1.0615354127255279,
        "min": 0.005187727740619152,
        "max": 5.328128900868691,
        "rmse": 1.5405192887057086
    }
}