{
    "velocity": {
        "rms": 6.760711991702164,
        "std_dev": 4.9020673346083585,
        "min": -0.17685688388252543,
        "max": 10.959569865567495
    },
    "acceleration_x": {
        "RMS": 0.38054200514515285,
        "std_dev": 0.38022150025813584,
        "min": -2.136027541081344,
        "max": 1.8588840642371793,
        "rolling_mean_exceed_count": 0
    },
    "acceleration_y": {
        "RMS": 0.703255262700556,
        "std_dev": 0.6666820539409124,
        "min": -3.2640540578824004,
        "max": 2.21319924680037
    },
    "jerk_x": {
        "RMS": 11.168357214816314,
        "std_dev": 11.16835160945338,
        "min": -468.94239060644315,
        "max": 318.75767030534064,
        "rolling_mean_exceed_count": 3
    },
    "jerk_y": {
        "RMS": 17.634627145428947,
        "std_dev": 17.63461816128925,
        "min": -334.727054812516,
        "max": 256.07468136188595,
        "rolling_mean_exceed_count": 40
    },
    "roll": {
        "rms": 0.8691561047218046,
        "std_dev": 0.8567538162012367,
        "min": -1.688419663836131,
        "max": 3.7920146174933747
    },
    "pitch": {
        "rms": 0.9127111058932653,
        "std_dev": 0.17282290033310765,
        "min": -1.5344197258311063,
        "max": -0.010175044534434694
    },
    "cte": {
        "mean": 0.19017716021195305,
        "std_dev": 0.17109307555655712,
        "min": 7.339731904047025e-06,
        "max": 1.4015644844543982,
        "rmse": 0.2558128080641871
    },
    "headingerror": {
        "mean": 1.2152855167985421,
        "std_dev": 1.970370815516781,
        "min": 0.00035394891551732144,
        "max": 25.380702975474684,
        "rmse": 2.3150118872223016
    }
}