{
    "velocity": {
        "mean": 5.23455645170665,
        "std_dev": 5.375880224249236,
        "min": -0.17685688388252543,
        "max": 10.959569865567495
    },
    "acceleration_x": {
        "mean": 0.012019873634329731,
        "std_dev": 0.2704412854368562,
        "min": -0.7680774635062058,
        "max": 1.8588840642371793
    },
    "acceleration_y": {
        "mean": 0.13870349547843694,
        "std_dev": 0.3570405249501463,
        "min": -1.144996073499241,
        "max": 1.2569291006142729
    },
    "jerk_x": {
        "mean": -0.0846920152397916,
        "std_dev": 14.456090150489965,
        "min": -259.2175225881624,
        "max": 129.23883318910876,
        "rolling_mean_exceed_count": 0
    },
    "jerk_y": {
        "mean": 0.06452132299364692,
        "std_dev": 22.0509942700721,
        "min": -334.727054812516,
        "max": 245.55318293931927,
        "rolling_mean_exceed_count": 48
    },
    "roll": {
        "mean": -0.15870548876363316,
        "std_dev": 0.6059401587595545,
        "min": -1.3516084271132718,
        "max": 0.8819576710673196
    },
    "pitch": {
        "mean": -0.8902940421506484,
        "std_dev": 0.16936833414172126,
        "min": -1.5158506119254063,
        "max": -0.010175044534434694
    },
    "cte": {
        "mean": 0.19271663422882732,
        "std_dev": 0.09232631905607461,
        "min": 0.002440926713900867,
        "max": 0.4278586318718381,
        "rmse": 0.21369101595278103
    },
    "headingerror": {
        "mean": 0.8552603264440202,
        "std_dev": 0.41355098026487663,
        "min": 0.008177516263543794,
        "max": 2.385031563784878,
        "rmse": 0.94999717855748
    }
}