{
    "velocity": {
        "mean": 4.655852497847321,
        "std_dev": 4.9020673346083585,
        "min": -0.17685688388252543,
        "max": 10.959569865567495
    },
    "acceleration_x": {
        "mean": 0.015615006287092502,
        "std_dev": 0.38022150025813584,
        "min": -2.136027541081344,
        "max": 1.8588840642371793
    },
    "acceleration_y": {
        "mean": -0.22383700201073664,
        "std_dev": 0.6666820539409124,
        "min": -3.2640540578824004,
        "max": 2.21319924680037
    },
    "jerk_x": {
        "mean": -0.01118952008582925,
        "std_dev": 11.16835160945338,
        "min": -468.94239060644315,
        "max": 318.75767030534064,
        "rolling_mean_exceed_count": 4
    },
    "jerk_y": {
        "mean": 0.01780066928048598,
        "std_dev": 17.63461816128925,
        "min": -334.727054812516,
        "max": 256.07468136188595,
        "rolling_mean_exceed_count": 83
    },
    "roll": {
        "mean": -0.1463052726315709,
        "std_dev": 0.8567538162012367,
        "min": -1.688419663836131,
        "max": 3.7920146174933747
    },
    "pitch": {
        "mean": -0.8961996473673487,
        "std_dev": 0.17282290033310765,
        "min": -1.5344197258311063,
        "max": -0.010175044534434694
    },
    "cte": {
        "mean": 0.19017716021195305,
        "std_dev": 0.17109307555655712,
        "min": 7.339731904047025e-06,
        "max": 1.4015644844543982,
        "rmse": 0.2558128080641871
    },
    "headingerror": {
        "mean": 1.2152855167985421,
        "std_dev": 1.970370815516781,
        "min": 0.00035394891551732144,
        "max": 25.380702975474684,
        "rmse": 2.3150118872223016
    }
},
{
    "velocity": {
        "mean": 4.655516595793375,
        "std_dev": 4.902172420339835,
        "min": -0.17685688388252543,
        "max": 10.959569865567495
    },
    "acceleration_x": {
        "mean": 0.015741931239286057,
        "std_dev": 0.3800986143801829,
        "min": -2.136027541081344,
        "max": 1.8588840642371793
    },
    "acceleration_y": {
        "mean": -0.22380456122134412,
        "std_dev": 0.6666247653770602,
        "min": -3.2640540578824004,
        "max": 2.21319924680037
    },
    "jerk_x": {
        "mean": -0.011468894383351731,
        "std_dev": 11.167357838891284,
        "min": -468.94239060644315,
        "max": 318.75767030534064,
        "rolling_mean_exceed_count": 4
    },
    "jerk_y": {
        "mean": 0.01814675522763254,
        "std_dev": 17.632992556816507,
        "min": -334.727054812516,
        "max": 256.07468136188595,
        "rolling_mean_exceed_count": 83
    },
    "roll": {
        "mean": -0.14631880314417642,
        "std_dev": 0.8566486828955897,
        "min": -1.688419663836131,
        "max": 3.7920146174933747
    },
    "pitch": {
        "mean": -0.8961315100161696,
        "std_dev": 0.17285968130666304,
        "min": -1.5344197258311063,
        "max": -0.010175044534434694
    },
    "cte": {
        "mean": 0.1901423317307324,
        "std_dev": 0.1710371941585106,
        "min": 7.339731904047025e-06,
        "max": 1.4015644844543982,
        "rmse": 0.2557495417427291
    },
    "headingerror": {
        "mean": 1.215237455740943,
        "std_dev": 1.9703588885629943,
        "min": 0.00035394891551732144,
        "max": 25.380702975474684,
        "rmse": 2.3149765060524734
    }
}