{
    "velocity": {
        "mean": 3.9311182060127514,
        "std_dev": 4.018406681288723,
        "min": -0.1308165086931062,
        "max": 9.128813789628014
    },
    "acceleration_x": {
        "mean": 0.04668233139961488,
        "std_dev": 0.46319046460523466,
        "min": -0.556323898041855,
        "max": 1.245062737478148,
        "rolling_mean_exceed_count": 0
    },
    "acceleration_y": {
        "mean": -1.0628163624565947,
        "std_dev": 1.0555570309381723,
        "min": -3.2640540578824004,
        "max": 0.7695301834462498
    },
    "jerk_x": {
        "mean": 0.008386405259258262,
        "std_dev": 8.839033723351076,
        "min": -42.78309504017987,
        "max": 57.641751003615866,
        "rolling_mean_exceed_count": 0
    },
    "jerk_y": {
        "mean": -0.12776052551000577,
        "std_dev": 17.334557971444237,
        "min": -124.51891565525779,
        "max": 82.34413563366837,
        "rolling_mean_exceed_count": 0
    },
    "roll": {
        "mean": -0.3976359424993824,
        "std_dev": 0.5170294148518731,
        "min": -1.307915531957747,
        "max": 0.39137532588550134
    },
    "pitch": {
        "mean": -0.904243562632157,
        "std_dev": 0.18882012962584144,
        "min": -1.2590530734739946,
        "max": -0.4223902204760356
    },
    "cte": {
        "mean": 0.5285832809749592,
        "std_dev": 0.3811528782137508,
        "min": 0.00548029129773766,
        "max": 1.4015644844543982,
        "rmse": 0.6516730786958129
    },
    "headingerror": {
        "mean": 5.9805285643956365,
        "std_dev": 5.878916967338988,
        "min": 0.01074792882401887,
        "max": 25.380702975474684,
        "rmse": 8.386202157020684
    }
}