{
    "velocity": {
        "mean": 5.233141752883633,
        "std_dev": 5.374482644932172,
        "min": -0.17685688388252543,
        "max": 10.959569865567495
    },
    "acceleration_x": {
        "mean": 0.011008826274796355,
        "std_dev": 0.2701635481391397,
        "min": -0.7680774635062058,
        "max": 1.8588840642371793,
        "rolling_mean_exceed_count": 0
    },
    "acceleration_y": {
        "mean": 0.13925235980174291,
        "std_dev": 0.35625826485652135,
        "min": -1.144996073499241,
        "max": 1.2569291006142729
    },
    "jerk_x": {
        "mean": -0.07177090497426035,
        "std_dev": 14.43752815056297,
        "min": -259.2175225881624,
        "max": 129.23883318910876,
        "rolling_mean_exceed_count": 0
    },
    "jerk_y": {
        "mean": 0.07110015716463838,
        "std_dev": 22.00458466385197,
        "min": -334.727054812516,
        "max": 245.55318293931927,
        "rolling_mean_exceed_count": 10
    },
    "roll": {
        "mean": -0.1615785693784908,
        "std_dev": 0.606609387944214,
        "min": -1.3516084271132718,
        "max": 0.8819576710673196
    },
    "pitch": {
        "mean": -0.8903045800831076,
        "std_dev": 0.16914835667743933,
        "min": -1.5158506119254063,
        "max": -0.010175044534434694
    },
    "cte": {
        "mean": 0.1922257980601095,
        "std_dev": 0.0922199133151293,
        "min": 0.002440926713900867,
        "max": 0.4278586318718381,
        "rmse": 0.21320241521074745
    },
    "headingerror": {
        "mean": 0.8552770399062177,
        "std_dev": 0.41282026535885274,
        "min": 0.008177516263543794,
        "max": 2.385031563784878,
        "rmse": 0.9496943647730546
    }
}