{
    "velocity": {
        "mean": 5.048719140233147,
        "std_dev": 5.17037205188847,
        "min": -0.11763208407107129,
        "max": 10.952968595368947
    },
    "acceleration_x": {
        "mean": 0.12571691591763393,
        "std_dev": 0.4050791526948232,
        "min": -0.5715757745617736,
        "max": 1.8713319865958171
    },
    "acceleration_y": {
        "mean": 0.21481511770544257,
        "std_dev": 0.43578502849879386,
        "min": -0.8497816109662892,
        "max": 1.3226130550274362
    },
    "roll": {
        "mean": -0.24157876146539572,
        "std_dev": 0.6714394712668372,
        "min": -1.2569353744125606,
        "max": 0.9229149875500012
    },
    "cte": {
        "mean": 0.1418339583256414,
        "std_dev": 0.09297229805692421,
        "min": 1.0221340681977826e-05,
        "max": 0.3100475566552031,
        "rmse": 0.1695898580113367
    },
    "headingerror": {
        "mean": 0.6951415250276431,
        "std_dev": 0.5341026842069944,
        "min": 0.0018804352464485419,
        "max": 2.423254808574015,
        "rmse": 0.8766341409589714
    }
}