{
    "velocity": {
        "mean": 5.183866332029067,
        "std_dev": 5.285215730327145,
        "min": -0.11763208407107129,
        "max": 10.952968595368947
    },
    "acceleration_x": {
        "mean": 0.01769850106674859,
        "std_dev": 0.3134463516626291,
        "min": -0.8365691777758749,
        "max": 1.8713319865958171
    },
    "acceleration_y": {
        "mean": 0.12739123175155567,
        "std_dev": 0.3481880434023502,
        "min": -1.418076011183414,
        "max": 2.1981725893176307
    },
    "jerk_x": {
        "mean": 0.002205533003176443,
        "std_dev": 13.038092446461297,
        "min": -106.10131362312413,
        "max": 104.1123730930419,
        "rolling_mean_exceed_count": 0
    },
    "jerk_y": {
        "mean": -0.04646705837063134,
        "std_dev": 21.34270886284638,
        "min": -207.03501091653487,
        "max": 205.993776102972,
        "rolling_mean_exceed_count": 1
    },
    "roll": {
        "mean": -0.13732613975450783,
        "std_dev": 0.581749105811711,
        "min": -1.2569353744125606,
        "max": 0.9229149875500012
    },
    "pitch": {
        "mean": -0.9106696909758218,
        "std_dev": 0.16935701184960755,
        "min": -1.5332058161940405,
        "max": -0.043115561300671006
    },
    "cte": {
        "mean": 0.08761313448122027,
        "std_dev": 0.0830580826711381,
        "min": 1.0221340681977826e-05,
        "max": 0.3100475566552031,
        "rmse": 0.12072574883027232
    },
    "headingerror": {
        "mean": 0.39953075226355234,
        "std_dev": 0.4683073480758131,
        "min": 0.0011381506215144555,
        "max": 2.423254808574015,
        "rmse": 0.6155782600661599
    }
}