{
    "velocity": {
        "mean": 4.401313096988885,
        "std_dev": 4.532403383324121,
        "min": -0.10496925989811032,
        "max": 10.92406251017468
    },
    "acceleration_x": {
        "mean": -0.0942433023431632,
        "std_dev": 0.32845889374126425,
        "min": -0.6198098731259358,
        "max": 1.1432631085528535
    },
    "acceleration_y": {
        "mean": -0.7195038539400719,
        "std_dev": 0.5490470778697547,
        "min": -2.1874136623460627,
        "max": 0.4556988725810302
    },
    "jerk_x": {
        "mean": 0.03730092540941311,
        "std_dev": 9.231082900585701,
        "min": -90.06658884593223,
        "max": 96.92270285534124,
        "rolling_mean_exceed_count": 0
    },
    "jerk_y": {
        "mean": -0.21301044352633075,
        "std_dev": 16.902580179576223,
        "min": -183.85210056495276,
        "max": 141.0276994600454,
        "rolling_mean_exceed_count": 0
    },
    "roll": {
        "mean": 0.4822797314629944,
        "std_dev": 1.4547840345888898,
        "min": -1.5647316630298531,
        "max": 3.678901891806311
    },
    "pitch": {
        "mean": -0.9067096050499334,
        "std_dev": 0.21872441594985878,
        "min": -1.5630867037034795,
        "max": -0.25074185926240106
    },
    "cte": {
        "mean": 0.1419453235081182,
        "std_dev": 0.12207289557679808,
        "min": 7.277368469069512e-05,
        "max": 0.8117811027156678,
        "rmse": 0.18721716454515644
    },
    "headingerror": {
        "mean": 1.037580778219911,
        "std_dev": 1.582918798979467,
        "min": 1.8489292557433146e-05,
        "max": 11.741661327097802,
        "rmse": 1.8926716026543102
    }
}