{
    "velocity": {
        "mean": 5.3249210900779405,
        "std_dev": 5.40688479917737,
        "min": -0.11260049215908623,
        "max": 10.93680513775826
    },
    "acceleration_x": {
        "mean": 0.07704059468876151,
        "std_dev": 0.2929254625269114,
        "min": -0.37183825614914323,
        "max": 1.4514804385339974
    },
    "acceleration_y": {
        "mean": -0.014294658525238554,
        "std_dev": 0.4111292276947323,
        "min": -1.2042009694386142,
        "max": 1.190201313552332
    },
    "jerk_x": {
        "mean": -0.09541137042281923,
        "std_dev": 9.429175170479803,
        "min": -80.53614564009975,
        "max": 76.3741928496186,
        "rolling_mean_exceed_count": 0
    },
    "jerk_y": {
        "mean": -0.01292866863800714,
        "std_dev": 16.571685195735085,
        "min": -109.43965925454829,
        "max": 113.22836708384119,
        "rolling_mean_exceed_count": 0
    },
    "roll": {
        "mean": -0.36888508767175154,
        "std_dev": 0.6280246167961842,
        "min": -1.6621124761789536,
        "max": 0.5324465532281156
    },
    "pitch": {
        "mean": -0.8373756256444449,
        "std_dev": 0.11571288057989661,
        "min": -1.4840015731396015,
        "max": -0.37574374649116277
    },
    "cte": {
        "mean": 0.14577908777502283,
        "std_dev": 0.1534308324250687,
        "min": 0.0003647108825361693,
        "max": 0.6156541673827423,
        "rmse": 0.21164253535423197
    },
    "headingerror": {
        "mean": 0.9651888873658606,
        "std_dev": 1.0208955758540357,
        "min": 4.925415140633049e-05,
        "max": 4.667089023026435,
        "rmse": 1.40492610663084
    }
}