{
    "velocity": {
        "mean": 3.6129677292550393,
        "std_dev": 3.6662612347041357,
        "min": -0.08432576844976745,
        "max": 8.818298978559612
    },
    "acceleration_x": {
        "mean": 0.05823533593049076,
        "std_dev": 0.5144504609685686,
        "min": -0.7213777891183227,
        "max": 1.2823060103167714,
        "rolling_mean_exceed_count": 0
    },
    "acceleration_y": {
        "mean": -0.8756330260179341,
        "std_dev": 0.9594687735579178,
        "min": -2.8834556927643975,
        "max": 1.1854274396054656
    },
    "jerk_x": {
        "mean": 0.021323629015360723,
        "std_dev": 8.110303460734823,
        "min": -52.18103844102428,
        "max": 59.4182120293204,
        "rolling_mean_exceed_count": 0
    },
    "jerk_y": {
        "mean": 0.09156466452609321,
        "std_dev": 14.572384957664573,
        "min": -102.88186134024373,
        "max": 101.15515123908483,
        "rolling_mean_exceed_count": 13
    },
    "roll": {
        "mean": -0.33841917948694855,
        "std_dev": 0.5263209497144858,
        "min": -1.2427321218469554,
        "max": 0.6068195866241936
    },
    "pitch": {
        "mean": -0.9138666010729612,
        "std_dev": 0.18662417566663844,
        "min": -1.255611410354193,
        "max": -0.4741100414003029
    },
    "cte": {
        "mean": 0.4589816017204042,
        "std_dev": 0.37996091486161226,
        "min": 0.006961510223389799,
        "max": 1.3071411592553643,
        "rmse": 0.5958476378574484
    },
    "headingerror": {
        "mean": 5.486088811934707,
        "std_dev": 5.468573420475384,
        "min": 0.00020933335133577202,
        "max": 24.4639168735726,
        "rmse": 7.7461258515186175
    }
}