{
    "velocity": {
        "mean": 4.471594152298845,
        "std_dev": 4.743713088807659,
        "min": -0.11763208407107129,
        "max": 10.952968595368947
    },
    "acceleration_x": {
        "mean": 0.02366371705889102,
        "std_dev": 0.40324738244325187,
        "min": -0.8365691777758749,
        "max": 2.180152076412491,
        "rolling_mean_exceed_count": 0
    },
    "acceleration_y": {
        "mean": -0.20664513521882996,
        "std_dev": 0.6152205687671866,
        "min": -2.8834556927643975,
        "max": 2.1981725893176307
    },
    "jerk_x": {
        "mean": -0.0020914574532693245,
        "std_dev": 9.625994083782661,
        "min": -106.10131362312413,
        "max": 173.95482774343188,
        "rolling_mean_exceed_count": 0
    },
    "jerk_y": {
        "mean": -0.07884231176963594,
        "std_dev": 16.225011633036008,
        "min": -242.19262578142212,
        "max": 209.82446343655755,
        "rolling_mean_exceed_count": 15
    },
    "roll": {
        "mean": -0.14294278749713746,
        "std_dev": 0.8656950446752266,
        "min": -1.6621124761789536,
        "max": 3.678901891806311
    },
    "pitch": {
        "mean": -0.891135622371808,
        "std_dev": 0.17277730754943033,
        "min": -1.5630867037034795,
        "max": 0.003649369290454741
    },
    "cte": {
        "mean": 0.14265285196662436,
        "std_dev": 0.16536957280014172,
        "min": 1.0221340681977826e-05,
        "max": 1.3071411592553643,
        "rmse": 0.21839627236359374
    },
    "headingerror": {
        "mean": 0.9882879071535733,
        "std_dev": 1.94082597508915,
        "min": 1.8489292557433146e-05,
        "max": 24.4639168735726,
        "rmse": 2.177961995308168
    }
}