{
    "velocity": {
        "mean": 5.183500528732015,
        "std_dev": 5.28483034051887,
        "min": -0.11763208407107129,
        "max": 10.952968595368947
    },
    "acceleration_x": {
        "mean": 0.017606650639978346,
        "std_dev": 0.3134357564073361,
        "min": -0.8365691777758749,
        "max": 1.8713319865958171,
        "rolling_mean_exceed_count": 0
    },
    "acceleration_y": {
        "mean": 0.1274277574308994,
        "std_dev": 0.34813663547089974,
        "min": -1.418076011183414,
        "max": 2.1981725893176307
    },
    "jerk_x": {
        "mean": 0.0030906284238347865,
        "std_dev": 13.036040631047106,
        "min": -106.10131362312413,
        "max": 104.1123730930419,
        "rolling_mean_exceed_count": 0
    },
    "jerk_y": {
        "mean": -0.04682039361949673,
        "std_dev": 21.339209464183103,
        "min": -207.03501091653487,
        "max": 205.993776102972,
        "rolling_mean_exceed_count": 2
    },
    "roll": {
        "mean": -0.13729173227812144,
        "std_dev": 0.5815593824721873,
        "min": -1.2569353744125606,
        "max": 0.9229149875500012
    },
    "pitch": {
        "mean": -0.9106092576077573,
        "std_dev": 0.16931772381203405,
        "min": -1.5332058161940405,
        "max": -0.043115561300671006
    },
    "cte": {
        "mean": 0.08737644895163425,
        "std_dev": 0.08302455517591462,
        "min": 1.0221340681977826e-05,
        "max": 0.3100475566552031,
        "rmse": 0.12053099432741787
    },
    "headingerror": {
        "mean": 0.39910628798140524,
        "std_dev": 0.46775992733747035,
        "min": 0.0011381506215144555,
        "max": 2.423254808574015,
        "rmse": 0.6148863136621696
    }
}