{
    "velocity": {
        "mean": 3.672088431629352,
        "std_dev": 3.837076217401396,
        "min": -0.10260421352502841,
        "max": 10.00365699413979
    },
    "acceleration_x": {
        "mean": -0.047935546667436296,
        "std_dev": 0.3824618998143191,
        "min": -0.8363998579318415,
        "max": 1.2574032228790653
    },
    "acceleration_y": {
        "mean": 0.0827559274261006,
        "std_dev": 0.7082345828818062,
        "min": -1.2715792145969025,
        "max": 2.0977269787577955
    },
    "jerk_x": {
        "mean": -0.012178784983781754,
        "std_dev": 7.3824521655596405,
        "min": -75.15522083155908,
        "max": 106.03603096761017,
        "rolling_mean_exceed_count": 0
    },
    "jerk_y": {
        "mean": -0.06544104118998169,
        "std_dev": 12.679745606972993,
        "min": -242.19262578142212,
        "max": 209.82446343655755,
        "rolling_mean_exceed_count": 0
    },
    "roll": {
        "mean": -0.32799173522851316,
        "std_dev": 0.3577058470963744,
        "min": -0.9397334775125529,
        "max": 0.2958100893265427
    },
    "pitch": {
        "mean": -0.9301382354979384,
        "std_dev": 0.1362218015342583,
        "min": -1.5474508461200904,
        "max": -0.6295451221736563
    },
    "cte": {
        "mean": 0.13689805928007936,
        "std_dev": 0.08458725034732233,
        "min": 7.79266672836495e-05,
        "max": 0.40487624272191053,
        "rmse": 0.16092259492057884
    },
    "headingerror": {
        "mean": 0.5861652332986949,
        "std_dev": 0.48591459383327196,
        "min": 0.0013288466439007607,
        "max": 2.499977162547083,
        "rmse": 0.7613820809739792
    }
}