{
    "velocity": {
        "mean": 2.227774560733234,
        "std_dev": 2.341047428818026,
        "min": -0.05789706647025133,
        "max": 6.547969350674776
    },
    "acceleration_x": {
        "mean": 0.11301953520371541,
        "std_dev": 0.577481761914279,
        "min": -3.4398010399785455,
        "max": 1.3827440927014918,
        "rolling_mean_exceed_count": 0
    },
    "acceleration_y": {
        "mean": -0.5202537252537176,
        "std_dev": 0.7105987304206379,
        "min": -2.447496644931832,
        "max": 0.7819468936842457
    },
    "jerk_x": {
        "mean": -0.014600723662311188,
        "std_dev": 7.118503974984722,
        "min": -68.054241070532,
        "max": 61.303076073167986,
        "rolling_mean_exceed_count": 0
    },
    "jerk_y": {
        "mean": -0.11431968052370464,
        "std_dev": 9.532689755477527,
        "min": -73.4313600524721,
        "max": 49.17889958047069,
        "rolling_mean_exceed_count": 0
    },
    "roll": {
        "mean": 0.09596890405488888,
        "std_dev": 0.7171851273885733,
        "min": -1.7706910947621293,
        "max": 1.601556241295263
    },
    "pitch": {
        "mean": -1.0242735226733346,
        "std_dev": 0.23253286140895585,
        "min": -1.9885782166866146,
        "max": -0.5418566184556717
    },
    "cte": {
        "mean": 0.35646067016845123,
        "std_dev": 0.4547202602152639,
        "min": 0.00010599884658425403,
        "max": 1.7678829736542416,
        "rmse": 0.5777843234522537
    },
    "headingerror": {
        "mean": 6.29779240603849,
        "std_dev": 7.913938041091663,
        "min": 0.005883552461317443,
        "max": 31.904230162620866,
        "rmse": 10.113980646006489
    }
}