{
    "velocity": {
        "mean": 5.037346210173682,
        "std_dev": 5.170861099254894,
        "min": -0.1475372578004007,
        "max": 10.636000527703532
    },
    "acceleration_x": {
        "mean": 0.07269113638595753,
        "std_dev": 0.3495080974976209,
        "min": -0.8133000660956742,
        "max": 1.0062080293810898
    },
    "acceleration_y": {
        "mean": -0.011221034700933129,
        "std_dev": 0.3859459164399685,
        "min": -1.1027506336627193,
        "max": 1.155073109773985
    },
    "jerk_x": {
        "mean": -0.012282692065374523,
        "std_dev": 10.393665263076892,
        "min": -115.43886480981881,
        "max": 99.04870232118083,
        "rolling_mean_exceed_count": 0
    },
    "jerk_y": {
        "mean": 0.07771264301165921,
        "std_dev": 18.441544308740337,
        "min": -159.94655868451258,
        "max": 152.62059611256134,
        "rolling_mean_exceed_count": 0
    },
    "roll": {
        "mean": -0.02854327088757756,
        "std_dev": 0.6224387505089152,
        "min": -1.3885119211749963,
        "max": 0.8765559308905659
    },
    "pitch": {
        "mean": -0.996195080128677,
        "std_dev": 0.11973858406051303,
        "min": -1.639251793360243,
        "max": -0.5753748180839301
    },
    "cte": {
        "mean": 0.14701029996994547,
        "std_dev": 0.14075086417147428,
        "min": 0.000492337648568476,
        "max": 0.6584451585899986,
        "rmse": 0.20352600340563404
    },
    "headingerror": {
        "mean": 0.9180814274024888,
        "std_dev": 0.9683631391187547,
        "min": 0.0004068548073519196,
        "max": 4.687575032392502,
        "rmse": 1.3343915004770228
    }
}