{
    "velocity": {
        "mean": 2.08148604490726,
        "std_dev": 3.0817787169242434,
        "min": -0.10395189847328383,
        "max": 10.494821421717765
    },
    "acceleration_x": {
        "mean": 0.14043177409396707,
        "std_dev": 0.6389663291056389,
        "min": -1.2629658294213155,
        "max": 1.849732390527812
    },
    "acceleration_y": {
        "mean": 0.04740414520837374,
        "std_dev": 0.17080757940657504,
        "min": -0.46535760824428046,
        "max": 0.8290118584676978
    },
    "roll": {
        "mean": -0.25086975078536267,
        "std_dev": 0.5827393794678167,
        "min": -0.896546340955555,
        "max": 1.1636682760325183
    },
    "cte": {
        "mean": 0.042713955249585094,
        "std_dev": 0.03691987478370931,
        "min": 0.0009806526369191728,
        "max": 0.1786140907748045,
        "rmse": 0.056458472589225546
    },
    "headingerror": {
        "mean": 0.38293797103925714,
        "std_dev": 0.2717891498817205,
        "min": 0.003348780663287698,
        "max": 1.4477863285854795,
        "rmse": 0.4695858086197785
    }
}