{
    "velocity": {
        "mean": 3.3679460127114687,
        "std_dev": 3.95699781681111,
        "min": -0.1475372578004007,
        "max": 10.64924248931366
    },
    "acceleration_x": {
        "mean": 0.027166201969675043,
        "std_dev": 0.4505210101839676,
        "min": -3.4398010399785455,
        "max": 1.849732390527812,
        "rolling_mean_exceed_count": 0
    },
    "acceleration_y": {
        "mean": -0.10899095189582751,
        "std_dev": 0.35591820686575154,
        "min": -2.447496644931832,
        "max": 2.063644308141054
    },
    "jerk_x": {
        "mean": -0.017229170840392737,
        "std_dev": 8.951269225030508,
        "min": -275.2714775476719,
        "max": 243.167351982445,
        "rolling_mean_exceed_count": 0
    },
    "jerk_y": {
        "mean": -0.024866879325722357,
        "std_dev": 13.384977431067647,
        "min": -174.8072973884854,
        "max": 213.76956289178926,
        "rolling_mean_exceed_count": 1
    },
    "roll": {
        "mean": 0.21463169929615247,
        "std_dev": 0.9323447175262766,
        "min": -1.7706910947621293,
        "max": 4.2691799399525285
    },
    "pitch": {
        "mean": -1.0215367617276694,
        "std_dev": 0.18458031062476984,
        "min": -1.9885782166866146,
        "max": -0.18236588959639632
    },
    "cte": {
        "mean": 0.0894093590267675,
        "std_dev": 0.15421949996355655,
        "min": 4.945377792308125e-06,
        "max": 1.7678829736542416,
        "rmse": 0.17826297330232893
    },
    "headingerror": {
        "mean": 0.9178542582590098,
        "std_dev": 2.489860508318448,
        "min": -0.1768336956232588,
        "max": 31.904230162620866,
        "rmse": 2.6536506533995765
    }
}