{
    "velocity": {
        "mean": 2.688940294391714,
        "std_dev": 2.807484797223253,
        "min": -0.07521881165009561,
        "max": 8.427363922096525
    },
    "acceleration_x": {
        "mean": -0.01718439131275144,
        "std_dev": 0.3629571989669764,
        "min": -1.1616927896431353,
        "max": 1.081601972560367
    },
    "acceleration_y": {
        "mean": 0.016752420885201957,
        "std_dev": 0.35241575051175666,
        "min": -0.6288230572432653,
        "max": 1.4632625137940638
    },
    "jerk_x": {
        "mean": -0.00034262381801898454,
        "std_dev": 5.876774578555205,
        "min": -107.68457602398509,
        "max": 62.443186007118655,
        "rolling_mean_exceed_count": 0
    },
    "jerk_y": {
        "mean": -0.024260259672296412,
        "std_dev": 9.091368581712754,
        "min": -174.8072973884854,
        "max": 213.76956289178926,
        "rolling_mean_exceed_count": 0
    },
    "roll": {
        "mean": -0.08543848037008935,
        "std_dev": 0.461048005111156,
        "min": -0.8468906882736994,
        "max": 0.6201626715688126
    },
    "pitch": {
        "mean": -1.0434065623758628,
        "std_dev": 0.12943690048172224,
        "min": -1.7574698948532173,
        "max": -0.743717437796645
    },
    "cte": {
        "mean": 0.06810231101742462,
        "std_dev": 0.04099855571165223,
        "min": 0.0005866925225346078,
        "max": 0.15813376668254173,
        "rmse": 0.07949091983588745
    },
    "headingerror": {
        "mean": 0.4766229232825203,
        "std_dev": 0.34896149512603786,
        "min": 0.00019383370664627364,
        "max": 1.7336533343564895,
        "rmse": 0.5907144285346135
    }
}