{
    "velocity": {
        "mean": 2.9033629029029195,
        "std_dev": 3.1681683848842024,
        "min": -0.12790122298757797,
        "max": 10.340877249859968
    },
    "acceleration_x": {
        "mean": -0.048112314757472116,
        "std_dev": 0.37188883555090296,
        "min": -0.9398939902879809,
        "max": 0.8910837249516357
    },
    "acceleration_y": {
        "mean": -0.2918136397735685,
        "std_dev": 0.24029304171604746,
        "min": -1.3624033847813029,
        "max": 0.42297409449013906
    },
    "jerk_x": {
        "mean": -0.02667315914146476,
        "std_dev": 7.276034962688665,
        "min": -111.32129890401615,
        "max": 65.69944875746474,
        "rolling_mean_exceed_count": 0
    },
    "jerk_y": {
        "mean": -0.047279275668753035,
        "std_dev": 11.734138571624108,
        "min": -145.40722913371513,
        "max": 151.7468410055994,
        "rolling_mean_exceed_count": 0
    },
    "roll": {
        "mean": 1.0426221355846752,
        "std_dev": 1.4378694812927533,
        "min": -1.110492271848297,
        "max": 4.2691799399525285
    },
    "pitch": {
        "mean": -1.0247101468237272,
        "std_dev": 0.21993315710157169,
        "min": -1.632429249508518,
        "max": -0.2657446071976363
    },
    "cte": {
        "mean": 0.06789840330783378,
        "std_dev": 0.07490259918518617,
        "min": 6.355959912223241e-05,
        "max": 0.5525571492956076,
        "rmse": 0.10109694622712352
    },
    "headingerror": {
        "mean": 0.8189261537754612,
        "std_dev": 1.2804790752134987,
        "min": -0.1768336956232588,
        "max": 9.73340368681039,
        "rmse": 1.5199561531166244
    }
}