{
    "velocity": {
        "mean": 3.0405244120042227,
        "std_dev": 4.0943836790523065,
        "min": -0.10395189847328383,
        "max": 10.64891381638059
    },
    "acceleration_x": {
        "mean": 0.028541205179253376,
        "std_dev": 0.5679567901588385,
        "min": -1.2629658294213155,
        "max": 1.849732390527812,
        "rolling_mean_exceed_count": 0
    },
    "acceleration_y": {
        "mean": 0.04476672858745926,
        "std_dev": 0.18093055637402833,
        "min": -1.697292368194355,
        "max": 2.063644308141054
    },
    "jerk_x": {
        "mean": 0.01861939128125885,
        "std_dev": 10.9254045311493,
        "min": -275.2714775476719,
        "max": 243.167351982445,
        "rolling_mean_exceed_count": 0
    },
    "jerk_y": {
        "mean": -0.02225030781001539,
        "std_dev": 14.836890719519289,
        "min": -172.86955966961926,
        "max": 190.15546569318929,
        "rolling_mean_exceed_count": 1
    },
    "roll": {
        "mean": -0.0958042222097482,
        "std_dev": 0.6020325143867178,
        "min": -0.9344503442825984,
        "max": 1.1636682760325183
    },
    "pitch": {
        "mean": -1.0153612924659259,
        "std_dev": 0.19200106623253368,
        "min": -1.7808729998973813,
        "max": -0.18236588959639632
    },
    "cte": {
        "mean": 0.03667652592768647,
        "std_dev": 0.033921777436348215,
        "min": 4.945377792308125e-06,
        "max": 0.1786140907748045,
        "rmse": 0.04995852818654089
    },
    "headingerror": {
        "mean": 0.30828769058953365,
        "std_dev": 0.25610280933095986,
        "min": 0.0011872051461665478,
        "max": 1.4477863285854795,
        "rmse": 0.4007866628472535
    }
}