{
    "velocity": {
        "mean": 3.039380083220478,
        "std_dev": 4.094271188157847,
        "min": -0.10395189847328383,
        "max": 10.64891381638059
    },
    "acceleration_x": {
        "mean": 0.029766973203860413,
        "std_dev": 0.5678133436609366,
        "min": -1.2629658294213155,
        "max": 1.849732390527812
    },
    "acceleration_y": {
        "mean": 0.044599512133718586,
        "std_dev": 0.1810459609458106,
        "min": -1.697292368194355,
        "max": 2.063644308141054
    },
    "jerk_x": {
        "mean": 0.01649034453960739,
        "std_dev": 10.93366644605275,
        "min": -275.2714775476719,
        "max": 243.167351982445,
        "rolling_mean_exceed_count": 2
    },
    "jerk_y": {
        "mean": -0.01455340098229662,
        "std_dev": 14.84850942837269,
        "min": -172.86955966961926,
        "max": 190.15546569318929,
        "rolling_mean_exceed_count": 3
    },
    "roll": {
        "mean": -0.09599984496643918,
        "std_dev": 0.6023233397363666,
        "min": -0.9344503442825984,
        "max": 1.1636682760325183
    },
    "pitch": {
        "mean": -1.0152707086311572,
        "std_dev": 0.19215059116467376,
        "min": -1.7808729998973813,
        "max": -0.18236588959639632
    },
    "cte": {
        "mean": 0.036727576548631166,
        "std_dev": 0.033954298281033204,
        "min": 4.945377792308125e-06,
        "max": 0.1786140907748045,
        "rmse": 0.05001808923672451
    },
    "headingerror": {
        "mean": 0.3087136165232747,
        "std_dev": 0.25628753241166297,
        "min": 0.0011872051461665478,
        "max": 1.4477863285854795,
        "rmse": 0.40123234702169597
    }
}