{
    "velocity": {
        "mean": 3.4090654777471814,
        "std_dev": 4.290556030780231,
        "min": -0.15205860979852404,
        "max": 10.660907180257091
    },
    "acceleration_x": {
        "mean": 0.030904855932373815,
        "std_dev": 0.624871118605836,
        "min": -1.420174052528628,
        "max": 1.8426618766144405
    },
    "acceleration_y": {
        "mean": 0.057766373345235184,
        "std_dev": 0.20119818914282028,
        "min": -1.3880823641026079,
        "max": 1.7566501973106872
    },
    "jerk_x": {
        "mean": -0.07731665665263796,
        "std_dev": 10.978698712058227,
        "min": -127.53844684767175,
        "max": 97.55632915750495,
        "rolling_mean_exceed_count": 0
    },
    "jerk_y": {
        "mean": 0.03950461887516056,
        "std_dev": 17.180458746026524,
        "min": -229.62742169163695,
        "max": 190.65281882970868,
        "rolling_mean_exceed_count": 5
    },
    "roll": {
        "mean": -0.07716440471441974,
        "std_dev": 0.6412864174053464,
        "min": -0.9564836808360314,
        "max": 1.176165883413996
    },
    "pitch": {
        "mean": -1.0163404134764584,
        "std_dev": 0.2026251717367372,
        "min": -1.7724290471049071,
        "max": -0.16244486921846676
    },
    "cte": {
        "mean": 0.07345565581441263,
        "std_dev": 0.03950757887086528,
        "min": 9.035135017310011e-05,
        "max": 0.2269153432685294,
        "rmse": 0.08340612782861395
    },
    "headingerror": {
        "mean": 0.396051577059611,
        "std_dev": 0.32454846539291515,
        "min": 0.0003555397475309974,
        "max": 1.395108711376551,
        "rmse": 0.5120435119013825
    }
}