{
    "velocity": {
        "mean": 5.120289728021508,
        "std_dev": 5.227734198386695,
        "min": -0.14802792357219374,
        "max": 10.979433519599935
    },
    "acceleration_x": {
        "mean": 0.06280884198359792,
        "std_dev": 0.3426256984771553,
        "min": -0.7899433480052198,
        "max": 1.017836984509633
    },
    "acceleration_y": {
        "mean": -0.01770210306728734,
        "std_dev": 0.3978731875140122,
        "min": -1.2215935097990647,
        "max": 1.1490757556210187
    },
    "jerk_x": {
        "mean": -0.008430569304178485,
        "std_dev": 10.973026654965217,
        "min": -96.67454824918674,
        "max": 66.00358296602658,
        "rolling_mean_exceed_count": 0
    },
    "jerk_y": {
        "mean": 0.0533284139035584,
        "std_dev": 19.172357818110747,
        "min": -112.15892562388318,
        "max": 149.06619600305825,
        "rolling_mean_exceed_count": 4
    },
    "roll": {
        "mean": -0.10810287660618713,
        "std_dev": 0.6647965457213433,
        "min": -1.376811833098154,
        "max": 0.8905628063590699
    },
    "pitch": {
        "mean": -1.0033477323756135,
        "std_dev": 0.11957797106730465,
        "min": -1.67725997073035,
        "max": -0.5902255250787769
    },
    "cte": {
        "mean": 0.14507790484881536,
        "std_dev": 0.14849539165271144,
        "min": 9.97814114612026e-06,
        "max": 0.6413476348070178,
        "rmse": 0.20760173365705326
    },
    "headingerror": {
        "mean": 0.9552629332015531,
        "std_dev": 1.004032934021022,
        "min": 0.0012611686465930916,
        "max": 4.657969194365506,
        "rmse": 1.3858605283893817
    }
}