{
    "velocity": {
        "mean": 3.021252423224117,
        "std_dev": 3.1026988505487405,
        "min": -0.08216645659809284,
        "max": 8.200745992998785
    },
    "acceleration_x": {
        "mean": 0.09491448218605333,
        "std_dev": 0.41642757315193274,
        "min": -0.717008765658729,
        "max": 0.9427222745585658,
        "rolling_mean_exceed_count": 0
    },
    "acceleration_y": {
        "mean": -0.5656956416324573,
        "std_dev": 0.7955079601664922,
        "min": -2.509551600300024,
        "max": 0.9110640147193736
    },
    "jerk_x": {
        "mean": 0.01200339464096831,
        "std_dev": 8.38169671164231,
        "min": -47.55184361042397,
        "max": 65.25386616371466,
        "rolling_mean_exceed_count": 0
    },
    "jerk_y": {
        "mean": -0.10431755373946804,
        "std_dev": 15.111572477488096,
        "min": -148.5359022042812,
        "max": 79.51655057788523,
        "rolling_mean_exceed_count": 0
    },
    "roll": {
        "mean": 0.08709377432350851,
        "std_dev": 0.6060637566226633,
        "min": -1.0554614558049282,
        "max": 1.4065115863969573
    },
    "pitch": {
        "mean": -1.019762077244332,
        "std_dev": 0.18882935408485305,
        "min": -1.4006074972026408,
        "max": -0.4227591454321027
    },
    "cte": {
        "mean": 0.370667871323757,
        "std_dev": 0.2887145145770108,
        "min": 0.0033563481119257203,
        "max": 0.9030218502065235,
        "rmse": 0.4698411878061823
    },
    "headingerror": {
        "mean": 4.627565588520544,
        "std_dev": 4.42205214469395,
        "min": 0.008261644052893757,
        "max": 18.089709687972558,
        "rmse": 6.40069593454117
    }
}