{
    "velocity": {
        "mean": 3.3370071346670196,
        "std_dev": 3.5125998205198488,
        "min": -0.12450825842010738,
        "max": 10.428366046936157
    },
    "acceleration_x": {
        "mean": -0.038982683353340375,
        "std_dev": 0.3513940260458912,
        "min": -0.9261018606237706,
        "max": 0.8525125555895867
    },
    "acceleration_y": {
        "mean": -0.39272054032798365,
        "std_dev": 0.3034447974750142,
        "min": -1.9578950285140773,
        "max": 0.47965817501059477
    },
    "jerk_x": {
        "mean": 0.044767435916243235,
        "std_dev": 8.288685936932007,
        "min": -96.24504686738105,
        "max": 64.32160510978751,
        "rolling_mean_exceed_count": 0
    },
    "jerk_y": {
        "mean": 0.016007223344776556,
        "std_dev": 14.73300869865243,
        "min": -194.65748906116627,
        "max": 197.15126749696995,
        "rolling_mean_exceed_count": 2
    },
    "roll": {
        "mean": 0.9741158735149982,
        "std_dev": 1.4386460189070809,
        "min": -1.1682942942033234,
        "max": 4.2537241146760865
    },
    "pitch": {
        "mean": -1.0109334389801925,
        "std_dev": 0.22135968138026876,
        "min": -1.6457537391879766,
        "max": -0.239039631888596
    },
    "cte": {
        "mean": 0.08543748681583684,
        "std_dev": 0.07857421078915044,
        "min": 0.00014602325132542787,
        "max": 0.5931677220597118,
        "rmse": 0.11607528054906496
    },
    "headingerror": {
        "mean": 0.8794983064746036,
        "std_dev": 1.3854050776579532,
        "min": 0.0005737275981232415,
        "max": 10.34346755114015,
        "rmse": 1.6409949726590067
    }
}