{
    "velocity": {
        "mean": 3.1240567014434464,
        "std_dev": 3.2270090734316774,
        "min": -0.11460399489554728,
        "max": 8.473205211554077
    },
    "acceleration_x": {
        "mean": -0.009833823538620631,
        "std_dev": 0.3232203483127752,
        "min": -1.0561796870881384,
        "max": 0.9328329603005955
    },
    "acceleration_y": {
        "mean": 0.009314256370017046,
        "std_dev": 0.4829651510988444,
        "min": -0.9654068343229643,
        "max": 1.9090166947802112
    },
    "jerk_x": {
        "mean": -0.023462791319000746,
        "std_dev": 7.057208099366147,
        "min": -51.760091790918594,
        "max": 56.94014035393747,
        "rolling_mean_exceed_count": 0
    },
    "jerk_y": {
        "mean": -0.02482384226819114,
        "std_dev": 13.164517939745267,
        "min": -240.1960311751286,
        "max": 205.95670861151999,
        "rolling_mean_exceed_count": 0
    },
    "roll": {
        "mean": -0.11636889389035318,
        "std_dev": 0.4266804026184434,
        "min": -0.8351301626558795,
        "max": 0.6119860799062912
    },
    "pitch": {
        "mean": -1.0472629145198762,
        "std_dev": 0.12478790304027412,
        "min": -1.7633054963497532,
        "max": -0.8156564309905073
    },
    "cte": {
        "mean": 0.09944694495691758,
        "std_dev": 0.05461979325771728,
        "min": 0.00016654842605817768,
        "max": 0.25627325149388347,
        "rmse": 0.11345931727619363
    },
    "headingerror": {
        "mean": 0.4792001311049387,
        "std_dev": 0.41461197806196753,
        "min": 0.0019945031602048857,
        "max": 2.239938267638337,
        "rmse": 0.6336685711027871
    }
}