{
    "velocity": {
        "mean": 3.4101134970355926,
        "std_dev": 4.2890567590332385,
        "min": -0.15205860979852404,
        "max": 10.660907180257091
    },
    "acceleration_x": {
        "mean": 0.028929099872707264,
        "std_dev": 0.6246912067625136,
        "min": -1.420174052528628,
        "max": 1.8426618766144405,
        "rolling_mean_exceed_count": 0
    },
    "acceleration_y": {
        "mean": 0.05814992794435456,
        "std_dev": 0.20098636052034788,
        "min": -1.3880823641026079,
        "max": 1.7566501973106872
    },
    "jerk_x": {
        "mean": -0.07415618659275296,
        "std_dev": 10.971528640249582,
        "min": -127.53844684767175,
        "max": 97.55632915750495,
        "rolling_mean_exceed_count": 0
    },
    "jerk_y": {
        "mean": 0.034606121265743826,
        "std_dev": 17.157588873014664,
        "min": -229.62742169163695,
        "max": 190.65281882970868,
        "rolling_mean_exceed_count": 0
    },
    "roll": {
        "mean": -0.07757017416468462,
        "std_dev": 0.6408524317225354,
        "min": -0.9564836808360314,
        "max": 1.176165883413996
    },
    "pitch": {
        "mean": -1.0164765012599433,
        "std_dev": 0.20231156402019693,
        "min": -1.7724290471049071,
        "max": -0.16244486921846676
    },
    "cte": {
        "mean": 0.07328955911607464,
        "std_dev": 0.03950551930558787,
        "min": 9.035135017310011e-05,
        "max": 0.2269153432685294,
        "rmse": 0.08325890661684655
    },
    "headingerror": {
        "mean": 0.39529480918331666,
        "std_dev": 0.3242962647753803,
        "min": 0.0003555397475309974,
        "max": 1.395108711376551,
        "rmse": 0.5112983996792266
    }
}