{
    "velocity": {
        "mean": 2.4941353486705062,
        "std_dev": 3.394357534915768,
        "min": -0.1337463028348311,
        "max": 10.58765928395148
    },
    "acceleration_x": {
        "mean": 0.15325926897826356,
        "std_dev": 0.7367632384834456,
        "min": -1.420174052528628,
        "max": 1.8426618766144405
    },
    "acceleration_y": {
        "mean": 0.06733903814495448,
        "std_dev": 0.200888770230376,
        "min": -0.49479224783613635,
        "max": 0.815658605231625
    },
    "roll": {
        "mean": -0.2568083186743528,
        "std_dev": 0.6437216598061435,
        "min": -0.9564836808360314,
        "max": 1.176165883413996
    },
    "cte": {
        "mean": 0.06889144443719235,
        "std_dev": 0.04566659691063587,
        "min": 9.035135017310011e-05,
        "max": 0.2269153432685294,
        "rmse": 0.08265270225492484
    },
    "headingerror": {
        "mean": 0.5273851878899378,
        "std_dev": 0.33747504016817315,
        "min": 0.00045345221013803894,
        "max": 1.395108711376551,
        "rmse": 0.6261186302468688
    }
}