{
    "velocity": {
        "mean": 5.111643582474828,
        "std_dev": 5.273475386575279,
        "min": -0.2098093058281356,
        "max": 10.940546293140148
    },
    "acceleration_x": {
        "mean": 0.11096301397992146,
        "std_dev": 0.3565482177269438,
        "min": -0.472267890397118,
        "max": 1.8700560813220863
    },
    "acceleration_y": {
        "mean": 0.22374959452326446,
        "std_dev": 0.5714786070101772,
        "min": -1.1017175585467278,
        "max": 1.8366465390599105
    },
    "roll": {
        "mean": -0.20739813420595454,
        "std_dev": 0.759305192712648,
        "min": -1.2561307382850966,
        "max": 1.3345113204484322
    },
    "cte": {
        "mean": 0.28010883323654634,
        "std_dev": 0.0539352438223683,
        "min": 0.19816179131388184,
        "max": 0.3605904782638455,
        "rmse": 0.2852542181691931
    },
    "headingerror": {
        "mean": 0.2807436449107393,
        "std_dev": 0.1803875560156198,
        "min": 0.00021652575951236486,
        "max": 0.8033551757839064,
        "rmse": 0.3337014601751926
    }
}