{
    "velocity": {
        "mean": 4.394263523636593,
        "std_dev": 4.746107837860716,
        "min": -0.3074539827256552,
        "max": 10.964370812409665
    },
    "acceleration_x": {
        "mean": 0.03955889490180606,
        "std_dev": 0.43577064813030075,
        "min": -2.367138527963833,
        "max": 2.124911839358577,
        "rolling_mean_exceed_count": 0
    },
    "acceleration_y": {
        "mean": -0.16363280403980382,
        "std_dev": 0.7559174863328691,
        "min": -4.251170512997834,
        "max": 3.9579040043170988
    },
    "jerk_x": {
        "mean": 0.017283316818855546,
        "std_dev": 10.436250160389623,
        "min": -155.12085276383118,
        "max": 169.29136089743457,
        "rolling_mean_exceed_count": 1
    },
    "jerk_y": {
        "mean": 0.019685506425327872,
        "std_dev": 17.378170454212345,
        "min": -300.3282572718187,
        "max": 355.18013462027983,
        "rolling_mean_exceed_count": 169
    },
    "roll": {
        "mean": -0.11335136448272892,
        "std_dev": 0.8973231857753348,
        "min": -2.504864497777401,
        "max": 4.942183253888404
    },
    "pitch": {
        "mean": -0.8923678597042679,
        "std_dev": 0.2309688075021424,
        "min": -2.9179204346990932,
        "max": 0.23910067318470743
    },
    "cte": {
        "mean": 0.30780256021084174,
        "std_dev": 0.43461270095630344,
        "min": 1.879805237187099e-05,
        "max": 3.350677957501399,
        "rmse": 0.5325698225630908
    },
    "headingerror": {
        "mean": 1.2042383137563812,
        "std_dev": 3.8676584340896696,
        "min": 7.463784513106475e-06,
        "max": 29.679719934004623,
        "rmse": 4.050798893934846
    }
}