{
    "velocity": {
        "mean": 4.290917104141059,
        "std_dev": 4.444787491518419,
        "min": -0.3074539827256552,
        "max": 10.880680229375391
    },
    "acceleration_x": {
        "mean": -0.07864152020606852,
        "std_dev": 0.43691348751367354,
        "min": -2.018284502489582,
        "max": 1.2078736945357555
    },
    "acceleration_y": {
        "mean": -0.7186584424689053,
        "std_dev": 0.9514751461030261,
        "min": -4.251170512997834,
        "max": 3.9579040043170988
    },
    "jerk_x": {
        "mean": 0.011743038788504242,
        "std_dev": 10.14495649699655,
        "min": -86.90598391367485,
        "max": 86.35672541195191,
        "rolling_mean_exceed_count": 12
    },
    "jerk_y": {
        "mean": 0.053426359061055056,
        "std_dev": 19.403249905929577,
        "min": -222.07961226888628,
        "max": 205.360724608094,
        "rolling_mean_exceed_count": 171
    },
    "roll": {
        "mean": 0.5370436993945253,
        "std_dev": 1.4778406429350883,
        "min": -1.8111611632408433,
        "max": 4.942183253888404
    },
    "pitch": {
        "mean": -0.8941537931161816,
        "std_dev": 0.40701814855404306,
        "min": -2.9179204346990932,
        "max": 0.23910067318470743
    },
    "cte": {
        "mean": 0.580977955563577,
        "std_dev": 0.7464544117735977,
        "min": 5.954347405886061e-05,
        "max": 3.350677957501399,
        "rmse": 0.94590146088644
    },
    "headingerror": {
        "mean": 1.5112314520895223,
        "std_dev": 3.3342174495724897,
        "min": 0.0025578348387398364,
        "max": 24.312254657516362,
        "rmse": 3.660713933485964
    }
}