{
    "velocity": {
        "mean": 2.461374094119657,
        "std_dev": 2.891321239185805,
        "min": -0.1996129306726622,
        "max": 8.330983597152724
    },
    "acceleration_x": {
        "mean": 0.35228163437120186,
        "std_dev": 0.5308963127984654,
        "min": -2.367138527963833,
        "max": 1.5045841415990868,
        "rolling_mean_exceed_count": 0
    },
    "acceleration_y": {
        "mean": -0.15425721287268318,
        "std_dev": 0.9587553762665962,
        "min": -1.967729714109984,
        "max": 3.3957811567462715
    },
    "jerk_x": {
        "mean": -0.09108184955623967,
        "std_dev": 7.224440304158942,
        "min": -74.19155249456503,
        "max": 50.27606942386601,
        "rolling_mean_exceed_count": 0
    },
    "jerk_y": {
        "mean": -0.11794697521686325,
        "std_dev": 13.63269495642364,
        "min": -129.45407597267186,
        "max": 57.780006542332785,
        "rolling_mean_exceed_count": 35
    },
    "roll": {
        "mean": -0.32575371450055896,
        "std_dev": 0.8276801793716385,
        "min": -2.1094474481702448,
        "max": 1.3656791554690588
    },
    "pitch": {
        "mean": -0.8632109961033169,
        "std_dev": 0.24898623546838394,
        "min": -1.2546299026347278,
        "max": -0.29894099771536936
    },
    "cte": {
        "mean": 0.8779374792200902,
        "std_dev": 0.668981879745565,
        "min": 0.005486174160697968,
        "max": 2.308116277995644,
        "rmse": 1.1037712502358612
    },
    "headingerror": {
        "mean": 11.658467066056607,
        "std_dev": 9.30229075722401,
        "min": 0.040074990832010826,
        "max": 29.679719934004623,
        "rmse": 14.914840517493367
    }
}