{
    "velocity": {
        "mean": 5.2020185221323505,
        "std_dev": 5.3500838864797915,
        "min": -0.2098093058281356,
        "max": 10.940546293140148
    },
    "acceleration_x": {
        "mean": 0.014219672002524006,
        "std_dev": 0.27715887046455157,
        "min": -0.6901685888046724,
        "max": 1.8700560813220863
    },
    "acceleration_y": {
        "mean": 0.12886380545655632,
        "std_dev": 0.44232252985305504,
        "min": -1.2037390106506063,
        "max": 1.8366465390599105
    },
    "jerk_x": {
        "mean": 0.06892452095422642,
        "std_dev": 14.338751776318688,
        "min": -115.62616890791114,
        "max": 169.29136089743457,
        "rolling_mean_exceed_count": 5
    },
    "jerk_y": {
        "mean": -0.09057999180203624,
        "std_dev": 21.549481174200242,
        "min": -273.60392787302277,
        "max": 161.88305706232512,
        "rolling_mean_exceed_count": 5
    },
    "roll": {
        "mean": -0.10270500261545575,
        "std_dev": 0.6377031937297108,
        "min": -1.2561307382850966,
        "max": 1.3345113204484322
    },
    "pitch": {
        "mean": -0.9011202436760078,
        "std_dev": 0.17790868664794604,
        "min": -1.5197885361647858,
        "max": 0.05417167050728969
    },
    "cte": {
        "mean": 0.30690869478886035,
        "std_dev": 0.045887773139791095,
        "min": 0.19816179131388184,
        "max": 0.3650167704811279,
        "rmse": 0.31032021310370805
    },
    "headingerror": {
        "mean": 0.2596280222661348,
        "std_dev": 0.1438205343016271,
        "min": 0.00021652575951236486,
        "max": 0.8033551757839064,
        "rmse": 0.2968013747148589
    }
}