{
    "velocity": {
        "mean": 5.200446896609771,
        "std_dev": 5.348450483561816,
        "min": -0.2098093058281356,
        "max": 10.940546293140148
    },
    "acceleration_x": {
        "mean": 0.01315670063007811,
        "std_dev": 0.27690283055820614,
        "min": -0.6901685888046724,
        "max": 1.8700560813220863,
        "rolling_mean_exceed_count": 0
    },
    "acceleration_y": {
        "mean": 0.12942951711761588,
        "std_dev": 0.4413139518940643,
        "min": -1.2037390106506063,
        "max": 1.8366465390599105
    },
    "jerk_x": {
        "mean": 0.06927734382959432,
        "std_dev": 14.307318267046686,
        "min": -115.62616890791114,
        "max": 169.29136089743457,
        "rolling_mean_exceed_count": 1
    },
    "jerk_y": {
        "mean": -0.08450046083226824,
        "std_dev": 21.500464946771935,
        "min": -273.60392787302277,
        "max": 161.88305706232512,
        "rolling_mean_exceed_count": 1
    },
    "roll": {
        "mean": -0.1046758285840836,
        "std_dev": 0.637379865825677,
        "min": -1.2561307382850966,
        "max": 1.3345113204484322
    },
    "pitch": {
        "mean": -0.9007715517260514,
        "std_dev": 0.17772634229590567,
        "min": -1.5197885361647858,
        "max": 0.05417167050728969
    },
    "cte": {
        "mean": 0.30691377818778615,
        "std_dev": 0.0457455919266277,
        "min": 0.19816179131388184,
        "max": 0.3650167704811279,
        "rmse": 0.31030424815367763
    },
    "headingerror": {
        "mean": 0.2609365865536798,
        "std_dev": 0.14424446722739964,
        "min": 0.00021652575951236486,
        "max": 0.8033551757839064,
        "rmse": 0.2981515864925129
    }
}