{
    "velocity": {
        "mean": 3.882122789499805,
        "std_dev": 4.04460411863396,
        "min": -0.1769902967839085,
        "max": 10.07969024463059
    },
    "acceleration_x": {
        "mean": -0.04944355505459957,
        "std_dev": 0.36593994653380846,
        "min": -0.7029486246467233,
        "max": 1.2233288468157464
    },
    "acceleration_y": {
        "mean": 0.07887343961265367,
        "std_dev": 0.8186124356523358,
        "min": -1.6286351060729831,
        "max": 2.040844509147892
    },
    "jerk_x": {
        "mean": -0.02604846727845293,
        "std_dev": 8.489766906351154,
        "min": -88.2712484295355,
        "max": 131.10827757055955,
        "rolling_mean_exceed_count": 0
    },
    "jerk_y": {
        "mean": 0.06143483110174798,
        "std_dev": 16.462167408960635,
        "min": -300.3282572718187,
        "max": 355.18013462027983,
        "rolling_mean_exceed_count": 1
    },
    "roll": {
        "mean": -0.3753360071787902,
        "std_dev": 0.33004525131981566,
        "min": -1.0772546902777997,
        "max": 0.24114367674385867
    },
    "pitch": {
        "mean": -0.920238076153747,
        "std_dev": 0.1441811749795255,
        "min": -1.4849996226932038,
        "max": -0.5655362936058271
    },
    "cte": {
        "mean": 0.2052566660156648,
        "std_dev": 0.12972503810619432,
        "min": 1.879805237187099e-05,
        "max": 0.4120750302693968,
        "rmse": 0.24281450627077403
    },
    "headingerror": {
        "mean": 0.4015152213245367,
        "std_dev": 0.25073375976712103,
        "min": 5.7197745334747196e-05,
        "max": 1.433813793279512,
        "rmse": 0.4733728881571567
    }
}