{
    "velocity": {
        "mean": 5.333744002303187,
        "std_dev": 5.4227974118025415,
        "min": -0.16314505168727103,
        "max": 10.964370812409665
    },
    "acceleration_x": {
        "mean": 0.08624791998382252,
        "std_dev": 0.294866169962586,
        "min": -0.3825309487063837,
        "max": 1.352488995914385
    },
    "acceleration_y": {
        "mean": -0.013287906501100519,
        "std_dev": 0.7517781715686743,
        "min": -3.4779000812644694,
        "max": 2.2329620538399624
    },
    "jerk_x": {
        "mean": 0.041288612841071354,
        "std_dev": 10.155181192888534,
        "min": -69.64067979003809,
        "max": 121.16350649475284,
        "rolling_mean_exceed_count": 0
    },
    "jerk_y": {
        "mean": 0.14823521421596741,
        "std_dev": 17.400867375138876,
        "min": -132.52340118759136,
        "max": 119.40655887093286,
        "rolling_mean_exceed_count": 208
    },
    "roll": {
        "mean": -0.38169085308872247,
        "std_dev": 0.6866220270000724,
        "min": -2.504864497777401,
        "max": 0.9116203301912478
    },
    "pitch": {
        "mean": -0.8846748110970613,
        "std_dev": 0.11716339844313847,
        "min": -1.530317854055666,
        "max": -0.43750450321921175
    },
    "cte": {
        "mean": 0.06701850773422169,
        "std_dev": 0.054735336133369186,
        "min": 0.0001664327250579609,
        "max": 0.2766329975460606,
        "rmse": 0.08652997977900402
    },
    "headingerror": {
        "mean": 0.23030358609122925,
        "std_dev": 0.3103887533320178,
        "min": 2.7827812132841245e-05,
        "max": 2.2363487192625655,
        "rmse": 0.3864982793771331
    }
}