{
    "velocity": {
        "mean": 3.553960950078092,
        "std_dev": 4.097010035336056,
        "min": -0.20309594486323615,
        "max": 10.669049746115508
    },
    "acceleration_x": {
        "mean": 0.0323625987368568,
        "std_dev": 0.4602905779130415,
        "min": -2.0104605428790596,
        "max": 1.9565241125745012,
        "rolling_mean_exceed_count": 0
    },
    "acceleration_y": {
        "mean": -0.12393044341062467,
        "std_dev": 0.4683203494764433,
        "min": -3.849776775142796,
        "max": 1.8345479217435623
    },
    "jerk_x": {
        "mean": -0.008740886219153607,
        "std_dev": 10.594854305853548,
        "min": -564.4334178973119,
        "max": 311.27023815802886,
        "rolling_mean_exceed_count": 1
    },
    "jerk_y": {
        "mean": -0.0424371438907495,
        "std_dev": 16.362503869361955,
        "min": -392.656405081207,
        "max": 340.714148535495,
        "rolling_mean_exceed_count": 66
    },
    "roll": {
        "mean": 0.1863564538726702,
        "std_dev": 0.9835206681872756,
        "min": -1.6472605188662206,
        "max": 4.819040083644232
    },
    "pitch": {
        "mean": -1.0240820619402995,
        "std_dev": 0.1945830389442174,
        "min": -1.8628219898640068,
        "max": -0.09490438007741125
    },
    "cte": {
        "mean": 0.30087624259214213,
        "std_dev": 0.3411985219296022,
        "min": 8.47247475449271e-05,
        "max": 3.735230054867745,
        "rmse": 0.4549098204296218
    },
    "headingerror": {
        "mean": 0.728375738055179,
        "std_dev": 2.0285755372168457,
        "min": 0.0001348990426635055,
        "max": 31.387751275856075,
        "rmse": 2.1553769800158027
    }
}