{
    "velocity": {
        "mean": 3.1232285203863035,
        "std_dev": 3.2277330059549176,
        "min": -0.1285169307810679,
        "max": 8.442922767764502
    },
    "acceleration_x": {
        "mean": -0.013338041278548814,
        "std_dev": 0.33636833897057067,
        "min": -1.1025779202311166,
        "max": 0.9371960259601688
    },
    "acceleration_y": {
        "mean": 0.0093436553252191,
        "std_dev": 0.4880136418599682,
        "min": -0.9408051321843955,
        "max": 1.698428252436288
    },
    "jerk_x": {
        "mean": -0.027023071968193136,
        "std_dev": 7.34249907383052,
        "min": -52.78699733072755,
        "max": 79.69792459451598,
        "rolling_mean_exceed_count": 0
    },
    "jerk_y": {
        "mean": 0.028318355366597513,
        "std_dev": 11.823573283398684,
        "min": -120.97500917994759,
        "max": 160.69507555587413,
        "rolling_mean_exceed_count": 0
    },
    "roll": {
        "mean": -0.14196702242839146,
        "std_dev": 0.4360073204426264,
        "min": -0.8508138708435113,
        "max": 0.5905823781231775
    },
    "pitch": {
        "mean": -1.0549233201126,
        "std_dev": 0.13025759489484764,
        "min": -1.7136442439659507,
        "max": -0.8226457464635183
    },
    "cte": {
        "mean": 0.34905959559921923,
        "std_dev": 0.1275950237092174,
        "min": 0.00630705336645661,
        "max": 0.5217814416256235,
        "rmse": 0.37164915088729344
    },
    "headingerror": {
        "mean": 0.48664485936245083,
        "std_dev": 0.4436060930825641,
        "min": 0.0012527936146113916,
        "max": 2.271421635719122,
        "rmse": 0.6584903833495794
    }
}