{
    "velocity": {
        "mean": 5.07171255508266,
        "std_dev": 5.205146607244333,
        "min": -0.19132347592127955,
        "max": 10.62718188059326
    },
    "acceleration_x": {
        "mean": 0.08733663406404979,
        "std_dev": 0.36653316486619164,
        "min": -0.7872521031528216,
        "max": 0.9459413970438316
    },
    "acceleration_y": {
        "mean": -0.017062801938593268,
        "std_dev": 0.6352512965044506,
        "min": -1.7937652226241432,
        "max": 1.8345479217435623
    },
    "jerk_x": {
        "mean": -0.04047008435293272,
        "std_dev": 11.141402339522173,
        "min": -92.24018069766714,
        "max": 155.25988686130677,
        "rolling_mean_exceed_count": 0
    },
    "jerk_y": {
        "mean": -0.09965093593013417,
        "std_dev": 19.416015049805,
        "min": -162.75765810999363,
        "max": 178.435193772312,
        "rolling_mean_exceed_count": 100
    },
    "roll": {
        "mean": -0.13720222936231324,
        "std_dev": 0.7398882039893125,
        "min": -1.6472605188662206,
        "max": 1.0538373317487817
    },
    "pitch": {
        "mean": -0.9995375243222833,
        "std_dev": 0.1094604416884305,
        "min": -1.2526302774271332,
        "max": -0.6387353230159439
    },
    "cte": {
        "mean": 0.16592799417134887,
        "std_dev": 0.11880976068878935,
        "min": 8.47247475449271e-05,
        "max": 0.5359089801798012,
        "rmse": 0.20407806958283042
    },
    "headingerror": {
        "mean": 0.43783066994881237,
        "std_dev": 0.5466573816425877,
        "min": 0.0001348990426635055,
        "max": 4.053408665471352,
        "rmse": 0.700378460871089
    }
}