{
    "velocity": {
        "mean": 3.324687895189566,
        "std_dev": 3.510126489389549,
        "min": -0.14997086884556707,
        "max": 10.453725815511921
    },
    "acceleration_x": {
        "mean": -0.03601338136674747,
        "std_dev": 0.3532173404552168,
        "min": -0.890462826229451,
        "max": 0.8561577465014361
    },
    "acceleration_y": {
        "mean": -0.38989244288131436,
        "std_dev": 0.38755487706509417,
        "min": -2.330694202330668,
        "max": 1.641128489519226
    },
    "jerk_x": {
        "mean": 0.05035260283809579,
        "std_dev": 8.467110419394912,
        "min": -60.7939219424508,
        "max": 96.40687960609026,
        "rolling_mean_exceed_count": 0
    },
    "jerk_y": {
        "mean": -0.07827773901902965,
        "std_dev": 14.904866498278599,
        "min": -257.90855269246265,
        "max": 297.4689494316933,
        "rolling_mean_exceed_count": 1
    },
    "roll": {
        "mean": 1.002104379657442,
        "std_dev": 1.4929893665335283,
        "min": -1.126692391119229,
        "max": 4.819040083644232
    },
    "pitch": {
        "mean": -1.026630876072465,
        "std_dev": 0.24477570490556222,
        "min": -1.8628219898640068,
        "max": -0.2943963146062242
    },
    "cte": {
        "mean": 0.23486117167318754,
        "std_dev": 0.17980164724618883,
        "min": 0.0002710532281649995,
        "max": 0.8965833696191795,
        "rmse": 0.29578438483487496
    },
    "headingerror": {
        "mean": 0.789891369231314,
        "std_dev": 1.3662124450843982,
        "min": 0.0007676479477538578,
        "max": 11.632061942848466,
        "rmse": 1.5781206608778715
    }
}