{
    "velocity": {
        "mean": 3.0218002484882494,
        "std_dev": 4.1873517240009415,
        "min": -0.1738201568877287,
        "max": 10.651316482882468
    },
    "acceleration_x": {
        "mean": 0.02579892995968623,
        "std_dev": 0.5889957976660742,
        "min": -1.3974775021566237,
        "max": 1.8701046269041528
    },
    "acceleration_y": {
        "mean": 0.04744555894542804,
        "std_dev": 0.20401784298311493,
        "min": -1.3561877559798217,
        "max": 1.3730721687584244
    },
    "jerk_x": {
        "mean": 0.034166021876963854,
        "std_dev": 10.038447763916912,
        "min": -78.57624572608755,
        "max": 161.3820147857917,
        "rolling_mean_exceed_count": 0
    },
    "jerk_y": {
        "mean": -0.045068274721655865,
        "std_dev": 19.41918475818078,
        "min": -392.656405081207,
        "max": 340.714148535495,
        "rolling_mean_exceed_count": 97
    },
    "roll": {
        "mean": -0.20119542536469287,
        "std_dev": 0.6971348965100469,
        "min": -0.9753352314033734,
        "max": 1.2320638996560553
    },
    "pitch": {
        "mean": -1.0215044871689594,
        "std_dev": 0.1970298284983065,
        "min": -1.7970264902920914,
        "max": -0.09490438007741125
    },
    "cte": {
        "mean": 0.3199601455273347,
        "std_dev": 0.059751686678976984,
        "min": 0.11616585296731624,
        "max": 0.39661897767510707,
        "rmse": 0.3254915648474716
    },
    "headingerror": {
        "mean": 0.25498986515347805,
        "std_dev": 0.1795530676241232,
        "min": 0.0015653474163457304,
        "max": 0.8743356028955134,
        "rmse": 0.31186396942292305
    }
}