{
    "velocity": {
        "mean": 3.0222760303108576,
        "std_dev": 4.186322745354303,
        "min": -0.1738201568877287,
        "max": 10.651316482882468
    },
    "acceleration_x": {
        "mean": 0.024731175535288044,
        "std_dev": 0.5889316839845838,
        "min": -1.3974775021566237,
        "max": 1.8701046269041528,
        "rolling_mean_exceed_count": 0
    },
    "acceleration_y": {
        "mean": 0.0475237917885241,
        "std_dev": 0.2038771679375196,
        "min": -1.3561877559798217,
        "max": 1.3730721687584244
    },
    "jerk_x": {
        "mean": 0.03333520177866886,
        "std_dev": 10.030584041128844,
        "min": -78.57624572608755,
        "max": 161.3820147857917,
        "rolling_mean_exceed_count": 0
    },
    "jerk_y": {
        "mean": -0.0475000872684425,
        "std_dev": 19.402218887778194,
        "min": -392.656405081207,
        "max": 340.714148535495,
        "rolling_mean_exceed_count": 46
    },
    "roll": {
        "mean": -0.2016326972876712,
        "std_dev": 0.696817676631082,
        "min": -0.9753352314033734,
        "max": 1.2320638996560553
    },
    "pitch": {
        "mean": -1.0217176875393528,
        "std_dev": 0.19692936896729904,
        "min": -1.7970264902920914,
        "max": -0.09490438007741125
    },
    "cte": {
        "mean": 0.32001354113186326,
        "std_dev": 0.05972399324018819,
        "min": 0.11616585296731624,
        "max": 0.39661897767510707,
        "rmse": 0.3255389713633512
    },
    "headingerror": {
        "mean": 0.25515878475326126,
        "std_dev": 0.17935489216157716,
        "min": 0.0015653474163457304,
        "max": 0.8743356028955134,
        "rmse": 0.3118880933589035
    }
}