{
    "velocity": {
        "mean": 2.5937491103715393,
        "std_dev": 2.739355826224489,
        "min": -0.10852628377716408,
        "max": 6.78182666161232
    },
    "acceleration_x": {
        "mean": 0.05277931856759108,
        "std_dev": 0.5631101878920473,
        "min": -2.0104605428790596,
        "max": 1.24600867106881,
        "rolling_mean_exceed_count": 0
    },
    "acceleration_y": {
        "mean": -0.3281556548066643,
        "std_dev": 0.9756203434592392,
        "min": -3.849776775142796,
        "max": 1.8317450660231962
    },
    "jerk_x": {
        "mean": 0.12014762689128142,
        "std_dev": 8.380047313036535,
        "min": -49.19636029161542,
        "max": 77.32373411653154,
        "rolling_mean_exceed_count": 0
    },
    "jerk_y": {
        "mean": -0.06913615601769152,
        "std_dev": 13.721517418698117,
        "min": -86.09952876013939,
        "max": 91.89999622719449,
        "rolling_mean_exceed_count": 3
    },
    "roll": {
        "mean": 0.3595671317974311,
        "std_dev": 0.5923190171063397,
        "min": -1.270916601408925,
        "max": 1.4311363879241086
    },
    "pitch": {
        "mean": -1.006081063239884,
        "std_dev": 0.22825941184531712,
        "min": -1.3622539246797076,
        "max": -0.38313263422301197
    },
    "cte": {
        "mean": 0.5589898298378265,
        "std_dev": 0.5670057419551728,
        "min": 0.00144443988737811,
        "max": 2.228216347865735,
        "rmse": 0.7962192796411416
    },
    "headingerror": {
        "mean": 6.625986990572104,
        "std_dev": 6.920368066439299,
        "min": 0.014628268631049934,
        "max": 31.387751275856075,
        "rmse": 9.580981044455916
    }
}