{
    "velocity": {
        "mean": 2.0725731318667227,
        "std_dev": 3.2429727175504426,
        "min": -0.15818941741633838,
        "max": 10.577705086152866
    },
    "acceleration_x": {
        "mean": 0.12164167945837968,
        "std_dev": 0.6753074993729792,
        "min": -1.3974775021566237,
        "max": 1.8701046269041528
    },
    "acceleration_y": {
        "mean": 0.05228660905453516,
        "std_dev": 0.20096899146161443,
        "min": -0.6204911946323427,
        "max": 0.9764878834453942
    },
    "roll": {
        "mean": -0.4111633225601673,
        "std_dev": 0.6807329104617523,
        "min": -0.9753352314033734,
        "max": 1.2320638996560553
    },
    "cte": {
        "mean": 0.3269160070557142,
        "std_dev": 0.07018462163009019,
        "min": 0.11616585296731624,
        "max": 0.39661897767510707,
        "rmse": 0.3343650053199508
    },
    "headingerror": {
        "mean": 0.25224093751527915,
        "std_dev": 0.21208820678743778,
        "min": 0.0015653474163457304,
        "max": 0.8743356028955134,
        "rmse": 0.32955560686612195
    }
}