{
    "velocity": {
        "mean": 3.3313459859548122,
        "std_dev": 3.512453675862047,
        "min": -0.14344501162783974,
        "max": 10.450217977683986
    },
    "acceleration_x": {
        "mean": -0.039423992730155115,
        "std_dev": 0.35406303394077676,
        "min": -0.8644246244025043,
        "max": 0.8646606110245776
    },
    "acceleration_y": {
        "mean": -0.39307180849697865,
        "std_dev": 0.39151013416888414,
        "min": -2.181291612156673,
        "max": 1.6397184235005624
    },
    "jerk_x": {
        "mean": -0.007992816907150747,
        "std_dev": 8.108170930594905,
        "min": -93.36603216910905,
        "max": 64.78952689187697,
        "rolling_mean_exceed_count": 0
    },
    "jerk_y": {
        "mean": -0.05151577330158636,
        "std_dev": 14.22642561575872,
        "min": -159.59571751775965,
        "max": 173.20540453986075,
        "rolling_mean_exceed_count": 7
    },
    "roll": {
        "mean": 1.0231589749775318,
        "std_dev": 1.4887248933717294,
        "min": -1.075387141739302,
        "max": 4.822775099529821
    },
    "pitch": {
        "mean": -0.9990605625883848,
        "std_dev": 0.244216199969682,
        "min": -1.8560917164765802,
        "max": -0.27292867157905576
    },
    "cte": {
        "mean": 0.23440459281120643,
        "std_dev": 0.19238020906349443,
        "min": 0.0013274075161090813,
        "max": 0.8568707861147483,
        "rmse": 0.30324191328096667
    },
    "headingerror": {
        "mean": 0.7590795808263578,
        "std_dev": 1.3761727589241417,
        "min": 5.143655499750821e-05,
        "max": 11.943794544737344,
        "rmse": 1.5716403126773004
    }
}