{
    "velocity": {
        "mean": 3.115415661069534,
        "std_dev": 3.227867029526641,
        "min": -0.14228976307085656,
        "max": 8.386835850587413
    },
    "acceleration_x": {
        "mean": -0.004134404405821374,
        "std_dev": 0.332647910015306,
        "min": -1.1438280284702833,
        "max": 0.9265425905956798
    },
    "acceleration_y": {
        "mean": 0.006045622599495873,
        "std_dev": 0.48856565532692686,
        "min": -1.0011967049519195,
        "max": 1.9183545210592132
    },
    "jerk_x": {
        "mean": 0.02235533817247807,
        "std_dev": 7.134158726315414,
        "min": -70.38674566943637,
        "max": 62.38610558950906,
        "rolling_mean_exceed_count": 0
    },
    "jerk_y": {
        "mean": -0.01581401619400702,
        "std_dev": 13.309165666105327,
        "min": -151.72729854359187,
        "max": 169.89807775606053,
        "rolling_mean_exceed_count": 0
    },
    "roll": {
        "mean": -0.12923192630148989,
        "std_dev": 0.4414264409269452,
        "min": -0.845046137526551,
        "max": 0.6262805886787407
    },
    "pitch": {
        "mean": -1.0583187369238272,
        "std_dev": 0.13084388312292136,
        "min": -1.7378844613118576,
        "max": -0.8176447058661644
    },
    "cte": {
        "mean": 0.32327996618207233,
        "std_dev": 0.13919311002913484,
        "min": 0.0006893030848662771,
        "max": 0.5075740831072346,
        "rmse": 0.35197252508436605
    },
    "headingerror": {
        "mean": 0.48213553915774215,
        "std_dev": 0.451358119574439,
        "min": 0.001309423807811072,
        "max": 2.273800029581224,
        "rmse": 0.6604383621691735
    }
}