{
    "velocity": {
        "mean": 3.764221702221114,
        "std_dev": 4.224974671550389,
        "min": -0.18616538757949977,
        "max": 10.650789363021186
    },
    "acceleration_x": {
        "mean": -0.0003953137951696314,
        "std_dev": 0.4164672972535996,
        "min": -2.0715902775149577,
        "max": 1.824606049215429,
        "rolling_mean_exceed_count": 0
    },
    "acceleration_y": {
        "mean": -0.12156108446780274,
        "std_dev": 0.4858625425488642,
        "min": -4.311413810994969,
        "max": 2.2838950451660827
    },
    "jerk_x": {
        "mean": -0.01951894273875227,
        "std_dev": 9.565443476978757,
        "min": -155.3830691161231,
        "max": 205.17253730669137,
        "rolling_mean_exceed_count": 0
    },
    "jerk_y": {
        "mean": -0.0017859148965426186,
        "std_dev": 15.567532480034094,
        "min": -267.0701463706617,
        "max": 287.5101165829402,
        "rolling_mean_exceed_count": 7
    },
    "roll": {
        "mean": 0.21165624245300374,
        "std_dev": 0.9748395904265716,
        "min": -1.6537363366342097,
        "max": 4.822775099529821
    },
    "pitch": {
        "mean": -1.0176791477711518,
        "std_dev": 0.18390889550745393,
        "min": -1.8560917164765802,
        "max": -0.12194751130810531
    },
    "cte": {
        "mean": 0.2512614705782141,
        "std_dev": 0.21580295576942746,
        "min": 0.00011126207016124734,
        "max": 2.4237323591878877,
        "rmse": 0.33121479785170865
    },
    "headingerror": {
        "mean": 0.7103111460064279,
        "std_dev": 2.111102341791961,
        "min": 5.143655499750821e-05,
        "max": 28.806550560279415,
        "rmse": 2.2273964671024484
    }
}