{
    "velocity": {
        "mean": 2.3632342791914467,
        "std_dev": 3.349291510027041,
        "min": -0.15704421162700005,
        "max": 10.597425081937994
    },
    "acceleration_x": {
        "mean": 0.13917927137727273,
        "std_dev": 0.7149940988208298,
        "min": -1.3988221350714132,
        "max": 1.824606049215429
    },
    "acceleration_y": {
        "mean": 0.06018317238443495,
        "std_dev": 0.21776915790214216,
        "min": -0.620429573262461,
        "max": 0.933541020964145
    },
    "roll": {
        "mean": -0.33092952757715943,
        "std_dev": 0.723672119976923,
        "min": -0.947649277976569,
        "max": 1.2635188190161766
    },
    "cte": {
        "mean": 0.2881282974627953,
        "std_dev": 0.06148444432524347,
        "min": 0.11140200275783388,
        "max": 0.3608878655864007,
        "rmse": 0.29461543186464795
    },
    "headingerror": {
        "mean": 0.2554492399296956,
        "std_dev": 0.22016057013305337,
        "min": 0.0004958492767030975,
        "max": 0.9258576886366399,
        "rmse": 0.33723136097043277
    }
}