{
    "velocity": {
        "mean": 5.1230163407168305,
        "std_dev": 5.257420259174597,
        "min": -0.18616538757949977,
        "max": 10.642962288591113
    },
    "acceleration_x": {
        "mean": 0.05741855076786832,
        "std_dev": 0.31573837131138693,
        "min": -0.7832093819637459,
        "max": 0.9343070941224224
    },
    "acceleration_y": {
        "mean": -0.01191396806757948,
        "std_dev": 0.6021925063011262,
        "min": -1.8429864617293275,
        "max": 1.6757024285080027
    },
    "jerk_x": {
        "mean": -0.001688201823047627,
        "std_dev": 10.08080904094663,
        "min": -82.58640760937408,
        "max": 116.53747567740014,
        "rolling_mean_exceed_count": 0
    },
    "jerk_y": {
        "mean": 0.0580426665709732,
        "std_dev": 17.512218069808945,
        "min": -136.45391151509196,
        "max": 113.64526192024653,
        "rolling_mean_exceed_count": 0
    },
    "roll": {
        "mean": -0.02292188984517337,
        "std_dev": 0.6720120976588417,
        "min": -1.6537363366342097,
        "max": 1.0891848269699989
    },
    "pitch": {
        "mean": -0.9979483207353264,
        "std_dev": 0.11573740033477464,
        "min": -1.6610273443997274,
        "max": -0.5925061607285826
    },
    "cte": {
        "mean": 0.16889977299251083,
        "std_dev": 0.11848248554976183,
        "min": 0.00041757618982441434,
        "max": 0.5302207167187065,
        "rmse": 0.20631343315201559
    },
    "headingerror": {
        "mean": 0.3507038943337688,
        "std_dev": 0.41888290554239493,
        "min": 0.0007254867143444699,
        "max": 1.909613984488189,
        "rmse": 0.5463113673140165
    }
}