{
    "velocity": {
        "mean": 2.736218330201031,
        "std_dev": 2.8363951237724074,
        "min": -0.12671429677660642,
        "max": 6.793106061918996
    },
    "acceleration_x": {
        "mean": 0.11692228301682578,
        "std_dev": 0.5272726593372266,
        "min": -0.6950157100122142,
        "max": 1.174958178921523,
        "rolling_mean_exceed_count": 0
    },
    "acceleration_y": {
        "mean": -0.26065457966887107,
        "std_dev": 1.0018257633794911,
        "min": -4.311413810994969,
        "max": 2.2838950451660827
    },
    "jerk_x": {
        "mean": 0.108050900779697,
        "std_dev": 8.062012338302848,
        "min": -60.15673143107028,
        "max": 44.22813879994375,
        "rolling_mean_exceed_count": 0
    },
    "jerk_y": {
        "mean": 0.056117123686044955,
        "std_dev": 16.075085498126107,
        "min": -253.66370176336181,
        "max": 104.91041168412376,
        "rolling_mean_exceed_count": 0
    },
    "roll": {
        "mean": 0.4340111474141498,
        "std_dev": 0.6018550389522005,
        "min": -1.2995258763118749,
        "max": 1.762944814397459
    },
    "pitch": {
        "mean": -1.0082228030980471,
        "std_dev": 0.22817122413849208,
        "min": -1.3730864287149913,
        "max": -0.3584428288338485
    },
    "cte": {
        "mean": 0.7047206184176554,
        "std_dev": 0.608933100408187,
        "min": 0.0066535672229706055,
        "max": 2.4237323591878877,
        "rmse": 0.9313595818993272
    },
    "headingerror": {
        "mean": 7.023415199416357,
        "std_dev": 6.810628470151401,
        "min": 0.00033323654865569097,
        "max": 28.806550560279415,
        "rmse": 9.783303185623428
    }
}