{
    "velocity": {
        "mean": 3.285768788924765,
        "std_dev": 4.254667215968234,
        "min": -0.17542770055055448,
        "max": 10.644333972710497
    },
    "acceleration_x": {
        "mean": 0.02798666981919643,
        "std_dev": 0.6108087712436694,
        "min": -1.3988221350714132,
        "max": 1.824606049215429
    },
    "acceleration_y": {
        "mean": 0.052268148913721155,
        "std_dev": 0.21818531752326492,
        "min": -1.1437232037221607,
        "max": 1.2425322576906739
    },
    "jerk_x": {
        "mean": -0.05058685764063949,
        "std_dev": 10.01996399288155,
        "min": -138.29405964109554,
        "max": 100.35853400142413,
        "rolling_mean_exceed_count": 0
    },
    "jerk_y": {
        "mean": -0.01570837045938891,
        "std_dev": 16.349809449665173,
        "min": -191.4495971994376,
        "max": 195.28908852679766,
        "rolling_mean_exceed_count": 0
    },
    "roll": {
        "mean": -0.11245594641883609,
        "std_dev": 0.7203555179570617,
        "min": -0.947649277976569,
        "max": 1.2635188190161766
    },
    "pitch": {
        "mean": -1.0117336688819263,
        "std_dev": 0.20239418277141896,
        "min": -1.808895071480721,
        "max": -0.12194751130810531
    },
    "cte": {
        "mean": 0.2944971830713194,
        "std_dev": 0.05284454997030851,
        "min": 0.11140200275783388,
        "max": 0.36804545307560455,
        "rmse": 0.2992008310458155
    },
    "headingerror": {
        "mean": 0.2413548164785095,
        "std_dev": 0.1863855486718992,
        "min": 0.0004958492767030975,
        "max": 0.9258576886366399,
        "rmse": 0.3049454380558921
    }
}