{
    "velocity": {
        "mean": 3.2874848815031625,
        "std_dev": 4.253005952407278,
        "min": -0.17542770055055448,
        "max": 10.644333972710497
    },
    "acceleration_x": {
        "mean": 0.02672840823750183,
        "std_dev": 0.61079094062082,
        "min": -1.3988221350714132,
        "max": 1.824606049215429,
        "rolling_mean_exceed_count": 0
    },
    "acceleration_y": {
        "mean": 0.05222496926763048,
        "std_dev": 0.2180192089596164,
        "min": -1.1437232037221607,
        "max": 1.2425322576906739
    },
    "jerk_x": {
        "mean": -0.048153749945246356,
        "std_dev": 10.011499153659242,
        "min": -138.29405964109554,
        "max": 100.35853400142413,
        "rolling_mean_exceed_count": 0
    },
    "jerk_y": {
        "mean": -0.020063309688797694,
        "std_dev": 16.335846094978375,
        "min": -191.4495971994376,
        "max": 195.28908852679766,
        "rolling_mean_exceed_count": 0
    },
    "roll": {
        "mean": -0.11265743199835364,
        "std_dev": 0.7199439314902895,
        "min": -0.947649277976569,
        "max": 1.2635188190161766
    },
    "pitch": {
        "mean": -1.0118186708120573,
        "std_dev": 0.2022052661853397,
        "min": -1.808895071480721,
        "max": -0.12194751130810531
    },
    "cte": {
        "mean": 0.29446747927242484,
        "std_dev": 0.05279615994833059,
        "min": 0.11140200275783388,
        "max": 0.36804545307560455,
        "rmse": 0.2991630506167927
    },
    "headingerror": {
        "mean": 0.24122719368876225,
        "std_dev": 0.18625965011539725,
        "min": 0.0004958492767030975,
        "max": 0.9258576886366399,
        "rmse": 0.3047674789672707
    }
}