{
    "velocity": {
        "mean": 4.350182483123179,
        "std_dev": 4.519882694410911,
        "min": -0.12922548662509178,
        "max": 10.910114725248906
    },
    "acceleration_x": {
        "mean": -0.1015327887341975,
        "std_dev": 0.3255742028310823,
        "min": -0.7395778016175768,
        "max": 1.1608241232269394
    },
    "acceleration_y": {
        "mean": -0.6833392793897378,
        "std_dev": 0.46127558951253556,
        "min": -2.1883422308228733,
        "max": 0.6541169792931405
    },
    "jerk_x": {
        "mean": 0.0036487124926930874,
        "std_dev": 9.281056417795385,
        "min": -73.21260050027404,
        "max": 64.4687368058679,
        "rolling_mean_exceed_count": 0
    },
    "jerk_y": {
        "mean": 0.014171104899280706,
        "std_dev": 18.76911974759049,
        "min": -197.63741141350633,
        "max": 241.14560418847344,
        "rolling_mean_exceed_count": 0
    },
    "roll": {
        "mean": 0.5563682264489249,
        "std_dev": 1.3947878075346751,
        "min": -1.1353971417050466,
        "max": 3.6714932219904886
    },
    "pitch": {
        "mean": -0.8947619076283831,
        "std_dev": 0.1902370046267214,
        "min": -1.6132304405470546,
        "max": -0.441090121869017
    },
    "cte": {
        "mean": 0.6814944943674824,
        "std_dev": 0.41128916469989585,
        "min": 6.926961130204673e-05,
        "max": 1.5821301430268337,
        "rmse": 0.7959858810636835
    },
    "headingerror": {
        "mean": 1.9407887359399671,
        "std_dev": 2.106304841200094,
        "min": 0.0007481273900680208,
        "max": 15.60966747359548,
        "rmse": 2.8641195857740316
    }
}