{
    "velocity": {
        "mean": 5.032200992214128,
        "std_dev": 5.221571254239901,
        "min": -0.20286902316160596,
        "max": 10.951338549354512
    },
    "acceleration_x": {
        "mean": 0.11746172165110827,
        "std_dev": 0.39865418912633316,
        "min": -0.44605141335346665,
        "max": 1.802176778823926
    },
    "acceleration_y": {
        "mean": 0.21366760441723887,
        "std_dev": 0.2811933902803298,
        "min": -1.175962694235986,
        "max": 1.3374622569077839
    },
    "roll": {
        "mean": -0.06229697418160818,
        "std_dev": 0.6972262927283629,
        "min": -1.184202613123668,
        "max": 0.935847914920034
    },
    "cte": {
        "mean": 0.6043525809340824,
        "std_dev": 0.5006966230053065,
        "min": 0.000979237482653459,
        "max": 1.6406060324936624,
        "rmse": 0.7848179090531795
    },
    "headingerror": {
        "mean": 1.5491459263781218,
        "std_dev": 1.358025544287046,
        "min": 0.0055962871400936365,
        "max": 5.402835319222618,
        "rmse": 2.060118074322454
    }
}