{
    "velocity": {
        "mean": 5.319039095747269,
        "std_dev": 5.447976405945277,
        "min": -0.15080081688688665,
        "max": 10.962089779372105
    },
    "acceleration_x": {
        "mean": 0.07785796983092466,
        "std_dev": 0.2891141279057782,
        "min": -0.43086675745096026,
        "max": 1.326919322047412
    },
    "acceleration_y": {
        "mean": -0.014475147989819408,
        "std_dev": 0.20887064001938596,
        "min": -0.6694851575227626,
        "max": 0.760247039950766
    },
    "jerk_x": {
        "mean": 0.04192378340608632,
        "std_dev": 9.631395273650721,
        "min": -61.98071119149104,
        "max": 75.8424292194684,
        "rolling_mean_exceed_count": 0
    },
    "jerk_y": {
        "mean": 0.1400515198568498,
        "std_dev": 17.630615487291056,
        "min": -135.89210633919586,
        "max": 119.59311580564275,
        "rolling_mean_exceed_count": 0
    },
    "roll": {
        "mean": -0.36882670490972763,
        "std_dev": 0.5844823891992672,
        "min": -1.5415586208081287,
        "max": 0.48411987891325653
    },
    "pitch": {
        "mean": -0.8693796043042347,
        "std_dev": 0.11848741572738834,
        "min": -1.508987264751965,
        "max": -0.3620451225343777
    },
    "cte": {
        "mean": 0.36374934272071646,
        "std_dev": 0.455460870611246,
        "min": 2.5002323625211172e-05,
        "max": 1.8385764490573362,
        "rmse": 0.5828878013715053
    },
    "headingerror": {
        "mean": 1.5939329599392598,
        "std_dev": 1.679469022234201,
        "min": 0.001565192308376595,
        "max": 8.047537396207005,
        "rmse": 2.3154348354952754
    }
}