{
    "velocity": {
        "mean": 5.15566249627015,
        "std_dev": 5.330808804485161,
        "min": -0.20286902316160596,
        "max": 10.951338549354512
    },
    "acceleration_x": {
        "mean": 0.013982282970494106,
        "std_dev": 0.30753448423354995,
        "min": -0.6836320871790913,
        "max": 1.802176778823926,
        "rolling_mean_exceed_count": 0
    },
    "acceleration_y": {
        "mean": 0.13786508228030497,
        "std_dev": 0.25668003838929415,
        "min": -1.175962694235986,
        "max": 1.3374622569077839
    },
    "jerk_x": {
        "mean": -0.16024519408625917,
        "std_dev": 12.990752369223744,
        "min": -135.58605453382702,
        "max": 107.75504454148746,
        "rolling_mean_exceed_count": 0
    },
    "jerk_y": {
        "mean": -0.038574327180366325,
        "std_dev": 23.27543119698751,
        "min": -216.4565313561413,
        "max": 251.73400556203003,
        "rolling_mean_exceed_count": 1
    },
    "roll": {
        "mean": -0.01234525766565021,
        "std_dev": 0.5935790804327108,
        "min": -1.184202613123668,
        "max": 0.9853380131696391
    },
    "pitch": {
        "mean": -0.9200201212383207,
        "std_dev": 0.19103619717061854,
        "min": -1.5541607394456458,
        "max": 0.05764592030236377
    },
    "cte": {
        "mean": 0.48132908128266055,
        "std_dev": 0.36872454464297677,
        "min": 0.000979237482653459,
        "max": 1.6406060324936624,
        "rmse": 0.6063295096814773
    },
    "headingerror": {
        "mean": 1.0412237432415936,
        "std_dev": 1.0882738263125122,
        "min": 0.0038526438135875196,
        "max": 5.402835319222618,
        "rmse": 1.5061496620611485
    }
}