{
    "velocity": {
        "mean": 5.157135996379003,
        "std_dev": 5.332285244898093,
        "min": -0.20286902316160596,
        "max": 10.951338549354512
    },
    "acceleration_x": {
        "mean": 0.014726155673458271,
        "std_dev": 0.30774242579155336,
        "min": -0.6836320871790913,
        "max": 1.802176778823926
    },
    "acceleration_y": {
        "mean": 0.13706430675578593,
        "std_dev": 0.25669647830603554,
        "min": -1.175962694235986,
        "max": 1.3374622569077839
    },
    "jerk_x": {
        "mean": -0.16160131555342022,
        "std_dev": 13.007758942776466,
        "min": -135.58605453382702,
        "max": 107.75504454148746,
        "rolling_mean_exceed_count": 0
    },
    "jerk_y": {
        "mean": -0.04055526293683429,
        "std_dev": 23.306156724290886,
        "min": -216.4565313561413,
        "max": 251.73400556203003,
        "rolling_mean_exceed_count": 1
    },
    "roll": {
        "mean": -0.011103251409110688,
        "std_dev": 0.5934898753739377,
        "min": -1.184202613123668,
        "max": 0.9853380131696391
    },
    "pitch": {
        "mean": -0.9202227101561219,
        "std_dev": 0.19124378997222485,
        "min": -1.5541607394456458,
        "max": 0.05764592030236377
    },
    "cte": {
        "mean": 0.483017946336198,
        "std_dev": 0.36885743612757993,
        "min": 0.000979237482653459,
        "max": 1.6406060324936624,
        "rmse": 0.6077517130123534
    },
    "headingerror": {
        "mean": 1.0376927676913061,
        "std_dev": 1.087461014997052,
        "min": 0.0038526438135875196,
        "max": 5.402835319222618,
        "rmse": 1.503122662744881
    }
}