{
    "velocity": {
        "mean": 3.5836287496960173,
        "std_dev": 3.6629062652966415,
        "min": -0.14159072776821516,
        "max": 8.851927872760573
    },
    "acceleration_x": {
        "mean": 0.06396240116021829,
        "std_dev": 0.5260645206252232,
        "min": -1.0412812972531975,
        "max": 1.3391854545036286,
        "rolling_mean_exceed_count": 0
    },
    "acceleration_y": {
        "mean": -0.958055440235624,
        "std_dev": 0.549921791990666,
        "min": -3.4282938717115803,
        "max": 0.862184114089518
    },
    "jerk_x": {
        "mean": 0.023622775992991417,
        "std_dev": 12.999831583695274,
        "min": -130.46409588536733,
        "max": 100.65046708849471,
        "rolling_mean_exceed_count": 0
    },
    "jerk_y": {
        "mean": -0.39543250169247995,
        "std_dev": 25.85912745966928,
        "min": -186.47791683536815,
        "max": 199.62807921211126,
        "rolling_mean_exceed_count": 0
    },
    "roll": {
        "mean": -0.4579299100704769,
        "std_dev": 0.64267134574812,
        "min": -1.7771495636948307,
        "max": 0.7256878450175331
    },
    "pitch": {
        "mean": -0.8723556645299645,
        "std_dev": 0.27623325490453254,
        "min": -1.702297336010043,
        "max": -0.20794622039074834
    },
    "cte": {
        "mean": 2.0735838464693783,
        "std_dev": 1.3301651716246412,
        "min": 0.007535640590455251,
        "max": 4.088201588732931,
        "rmse": 2.4635521817371666
    },
    "headingerror": {
        "mean": 10.981517406057156,
        "std_dev": 6.987705953079098,
        "min": 0.05247032091509496,
        "max": 23.23662903574811,
        "rmse": 13.016211392960445
    }
}