{
    "velocity": {
        "mean": 4.441003857573697,
        "std_dev": 4.784933596675435,
        "min": -0.20286902316160596,
        "max": 10.962089779372105
    },
    "acceleration_x": {
        "mean": 0.024758616155667896,
        "std_dev": 0.4080151600136143,
        "min": -2.1948832051990506,
        "max": 2.1849788224422206,
        "rolling_mean_exceed_count": 0
    },
    "acceleration_y": {
        "mean": -0.19243827209578787,
        "std_dev": 0.5244529044445075,
        "min": -3.4282938717115803,
        "max": 1.6511802093906907
    },
    "jerk_x": {
        "mean": -0.01931247314140514,
        "std_dev": 10.834649385632682,
        "min": -211.3376715572942,
        "max": 172.5556185500651,
        "rolling_mean_exceed_count": 0
    },
    "jerk_y": {
        "mean": 0.028235654414178288,
        "std_dev": 18.7158989441371,
        "min": -216.4565313561413,
        "max": 251.73400556203003,
        "rolling_mean_exceed_count": 48
    },
    "roll": {
        "mean": -0.06990871591143516,
        "std_dev": 0.8592917316423324,
        "min": -1.7771495636948307,
        "max": 3.6714932219904886
    },
    "pitch": {
        "mean": -0.8905286098312963,
        "std_dev": 0.18514273003941092,
        "min": -1.702297336010043,
        "max": 0.14575435006021079
    },
    "cte": {
        "mean": 0.6845797098592186,
        "std_dev": 0.7032756645808111,
        "min": 2.5002323625211172e-05,
        "max": 4.088201588732931,
        "rmse": 0.9814509868263996
    },
    "headingerror": {
        "mean": 2.138522507418277,
        "std_dev": 3.1853079253866405,
        "min": 0.00011068754005094661,
        "max": 23.23662903574811,
        "rmse": 3.836595508294495
    }
}