{
    "velocity": {
        "mean": 3.6917129207131665,
        "std_dev": 3.9126845890597366,
        "min": -0.1977368439594677,
        "max": 10.020398327534773
    },
    "acceleration_x": {
        "mean": -0.027846101449659585,
        "std_dev": 0.4230910843727012,
        "min": -1.1963164181705748,
        "max": 1.2710951214385389
    },
    "acceleration_y": {
        "mean": 0.14277631104375135,
        "std_dev": 0.678096033126134,
        "min": -2.460714022680008,
        "max": 1.6511802093906907
    },
    "jerk_x": {
        "mean": 0.0222593736892855,
        "std_dev": 10.961326998703976,
        "min": -119.52517419595578,
        "max": 126.53385772114804,
        "rolling_mean_exceed_count": 2
    },
    "jerk_y": {
        "mean": 0.023304225791198563,
        "std_dev": 15.070421775165633,
        "min": -151.57984605916613,
        "max": 128.62551197866298,
        "rolling_mean_exceed_count": 2
    },
    "roll": {
        "mean": -0.21451631133809704,
        "std_dev": 0.4982985139766686,
        "min": -0.9466062814448775,
        "max": 2.5535066625547858
    },
    "pitch": {
        "mean": -0.9091131687679371,
        "std_dev": 0.1771885649439947,
        "min": -1.634241876015735,
        "max": 0.14575435006021079
    },
    "cte": {
        "mean": 0.8317817900301353,
        "std_dev": 0.5299286326744826,
        "min": 0.0009082825475358637,
        "max": 2.4149869652832443,
        "rmse": 0.9862480935109497
    },
    "headingerror": {
        "mean": 2.0490877957091356,
        "std_dev": 1.7476429835477383,
        "min": 0.004686023142696172,
        "max": 6.527845177439332,
        "rmse": 2.6931425496003296
    }
}