{
    "velocity": {
        "mean": 4.3736660541358034,
        "std_dev": 4.754746545193515,
        "min": -0.16446986050884052,
        "max": 10.908551193870723
    },
    "acceleration_x": {
        "mean": 0.27615901115400604,
        "std_dev": 0.5705100777111777,
        "min": -0.542411308940743,
        "max": 2.107283171561135
    },
    "acceleration_y": {
        "mean": 0.13188947786578906,
        "std_dev": 0.3272081424592386,
        "min": -0.785673276413057,
        "max": 1.1390969368388426
    },
    "roll": {
        "mean": -0.3048799998643506,
        "std_dev": 0.6975644778517708,
        "min": -1.2235409194891338,
        "max": 0.8834908230468588
    },
    "cte": {
        "mean": 0.14419749499278225,
        "std_dev": 0.09319789291300494,
        "min": 0.0031980208062315774,
        "max": 0.3840446635977682,
        "rmse": 0.1716938112035999
    },
    "headingerror": {
        "mean": 0.6827238913327441,
        "std_dev": 0.48944709969087236,
        "min": 0.0008354435958466411,
        "max": 2.3109107601750196,
        "rmse": 0.8400418889509804
    }
}