{
    "velocity": {
        "mean": 3.6562312886098023,
        "std_dev": 4.199529881741577,
        "min": -0.16446986050884052,
        "max": 10.961277104041933
    },
    "acceleration_x": {
        "mean": 0.0057423604225007715,
        "std_dev": 0.5383375400476162,
        "min": -3.176420399450615,
        "max": 2.395441429317389,
        "rolling_mean_exceed_count": 0
    },
    "acceleration_y": {
        "mean": -0.11251077128977631,
        "std_dev": 0.36419147598701695,
        "min": -1.904714827914005,
        "max": 1.7760222489147683
    },
    "jerk_x": {
        "mean": 0.026911208976400668,
        "std_dev": 9.821948365853473,
        "min": -262.1620076037829,
        "max": 411.5535747369458,
        "rolling_mean_exceed_count": 90
    },
    "jerk_y": {
        "mean": -0.025039987311656388,
        "std_dev": 14.168076522318792,
        "min": -241.19172929066087,
        "max": 222.46207441305447,
        "rolling_mean_exceed_count": 1
    },
    "roll": {
        "mean": -0.028753816492387105,
        "std_dev": 0.9283974210248083,
        "min": -1.6386407362811524,
        "max": 3.9305586377762274
    },
    "pitch": {
        "mean": -0.9182818193814534,
        "std_dev": 0.189932712854996,
        "min": -1.6572868127686158,
        "max": -0.14878197746587807
    },
    "cte": {
        "mean": 0.10694232774267637,
        "std_dev": 0.12186655483380353,
        "min": 2.1712064384378225e-05,
        "max": 0.7957597869064059,
        "rmse": 0.16213611149303675
    },
    "headingerror": {
        "mean": 0.8821247414270538,
        "std_dev": 1.5451418681297915,
        "min": 2.8889055244007977e-05,
        "max": 15.037065503610068,
        "rmse": 1.779215403509471
    }
}