{
    "velocity": {
        "mean": 4.620894460081395,
        "std_dev": 4.940452872883265,
        "min": -0.16446986050884052,
        "max": 10.916830066713294
    },
    "acceleration_x": {
        "mean": -0.009611499672181304,
        "std_dev": 0.564046614777708,
        "min": -1.6123284234162196,
        "max": 2.107283171561135
    },
    "acceleration_y": {
        "mean": 0.08272403798261603,
        "std_dev": 0.27462966274107087,
        "min": -1.6865018038607298,
        "max": 1.7760222489147683
    },
    "jerk_x": {
        "mean": -0.0016356259238626423,
        "std_dev": 12.618004878615029,
        "min": -109.94014396565186,
        "max": 134.38408593190792,
        "rolling_mean_exceed_count": 0
    },
    "jerk_y": {
        "mean": -0.08267967521803253,
        "std_dev": 19.803471655836113,
        "min": -241.19172929066087,
        "max": 222.46207441305447,
        "rolling_mean_exceed_count": 1
    },
    "roll": {
        "mean": -0.17407346703190102,
        "std_dev": 0.6189539250615403,
        "min": -1.2235409194891338,
        "max": 0.8834908230468588
    },
    "pitch": {
        "mean": -0.9136789874548287,
        "std_dev": 0.19249709424258132,
        "min": -1.6572868127686158,
        "max": -0.20023666246382166
    },
    "cte": {
        "mean": 0.12337569488232136,
        "std_dev": 0.07091400053806052,
        "min": 0.0031980208062315774,
        "max": 0.3840446635977682,
        "rmse": 0.14230375103983628
    },
    "headingerror": {
        "mean": 0.5165797697147921,
        "std_dev": 0.3944716811919132,
        "min": 0.0008354435958466411,
        "max": 2.3109107601750196,
        "rmse": 0.6499712037782613
    }
}