{
    "velocity": {
        "mean": 2.7188225674240587,
        "std_dev": 2.9325493436271466,
        "min": -0.10662509419295454,
        "max": 9.742845354130285
    },
    "acceleration_x": {
        "mean": 0.23230055566206217,
        "std_dev": 0.6020305083941265,
        "min": -0.788551328512798,
        "max": 1.5671787025158055,
        "rolling_mean_exceed_count": 0
    },
    "acceleration_y": {
        "mean": -0.4230161172511469,
        "std_dev": 0.6613175677123901,
        "min": -1.904714827914005,
        "max": 0.8412420374128776
    },
    "jerk_x": {
        "mean": 0.08169896400817424,
        "std_dev": 9.500887807979181,
        "min": -144.29598855098646,
        "max": 163.94639273142323,
        "rolling_mean_exceed_count": 0
    },
    "jerk_y": {
        "mean": -0.04622510914436162,
        "std_dev": 14.305047141488325,
        "min": -180.5549245844996,
        "max": 158.22748326619526,
        "rolling_mean_exceed_count": 0
    },
    "roll": {
        "mean": -0.06913822702505583,
        "std_dev": 0.5667217098717344,
        "min": -1.0485461120743258,
        "max": 1.1909921801834324
    },
    "pitch": {
        "mean": -0.8699620393503609,
        "std_dev": 0.18656026141285406,
        "min": -1.2172473903683758,
        "max": -0.40773338362724765
    },
    "cte": {
        "mean": 0.31235674264968094,
        "std_dev": 0.22106841912453076,
        "min": 0.002415802291082952,
        "max": 0.7957597869064059,
        "rmse": 0.38267215813661987
    },
    "headingerror": {
        "mean": 4.175476245083416,
        "std_dev": 3.99104069968982,
        "min": 0.006049207886996477,
        "max": 15.037065503610068,
        "rmse": 5.776071999190844
    }
}