{
    "velocity": {
        "mean": 4.618141392492749,
        "std_dev": 4.937950493401069,
        "min": -0.16446986050884052,
        "max": 10.916830066713294
    },
    "acceleration_x": {
        "mean": -0.009970039257900746,
        "std_dev": 0.5639259543432589,
        "min": -1.6123284234162196,
        "max": 2.107283171561135,
        "rolling_mean_exceed_count": 0
    },
    "acceleration_y": {
        "mean": 0.08291716357326855,
        "std_dev": 0.2745877238723726,
        "min": -1.6865018038607298,
        "max": 1.7760222489147683
    },
    "jerk_x": {
        "mean": -0.0008514023079642276,
        "std_dev": 12.612473981242905,
        "min": -109.94014396565186,
        "max": 134.38408593190792,
        "rolling_mean_exceed_count": 0
    },
    "jerk_y": {
        "mean": -0.07472312544810045,
        "std_dev": 19.799258141270645,
        "min": -241.19172929066087,
        "max": 222.46207441305447,
        "rolling_mean_exceed_count": 1
    },
    "roll": {
        "mean": -0.17458164532895076,
        "std_dev": 0.6191250278919619,
        "min": -1.2235409194891338,
        "max": 0.8834908230468588
    },
    "pitch": {
        "mean": -0.9137619946633337,
        "std_dev": 0.19247067732719356,
        "min": -1.6572868127686158,
        "max": -0.20023666246382166
    },
    "cte": {
        "mean": 0.12317454847721211,
        "std_dev": 0.07091018196620215,
        "min": 0.0031980208062315774,
        "max": 0.3840446635977682,
        "rmse": 0.1421274895966469
    },
    "headingerror": {
        "mean": 0.5161263588754292,
        "std_dev": 0.39411761039584997,
        "min": 0.0008354435958466411,
        "max": 2.3109107601750196,
        "rmse": 0.6493959571402823
    }
}