{
    "velocity": {
        "mean": 5.382830744816588,
        "std_dev": 5.461273601704588,
        "min": -0.12383383787246006,
        "max": 10.955631048685829
    },
    "acceleration_x": {
        "mean": 0.042416320268404056,
        "std_dev": 0.2525654147281336,
        "min": -0.5424029195967149,
        "max": 1.5502656340557688
    },
    "acceleration_y": {
        "mean": -0.011755384739975089,
        "std_dev": 0.4082421093865261,
        "min": -1.0562972548090372,
        "max": 1.2354447510347981
    },
    "jerk_x": {
        "mean": -0.0030513952941726825,
        "std_dev": 10.47825941889738,
        "min": -103.79748993190844,
        "max": 65.69877646927729,
        "rolling_mean_exceed_count": 0
    },
    "jerk_y": {
        "mean": 0.03884312081988093,
        "std_dev": 18.101435475870183,
        "min": -130.0446157979744,
        "max": 127.76114363380857,
        "rolling_mean_exceed_count": 0
    },
    "roll": {
        "mean": -0.346112314742426,
        "std_dev": 0.6272933585914697,
        "min": -1.6386407362811524,
        "max": 0.5822569250463467
    },
    "pitch": {
        "mean": -0.8920283454265583,
        "std_dev": 0.11073255444145212,
        "min": -1.5185838762924768,
        "max": -0.4650943979120743
    },
    "cte": {
        "mean": 0.15527350417530197,
        "std_dev": 0.15599378158949753,
        "min": 9.414005988794556e-05,
        "max": 0.6435688845743898,
        "rmse": 0.22009979780424463
    },
    "headingerror": {
        "mean": 1.0033084642757866,
        "std_dev": 1.0533834517204541,
        "min": 0.0024288834872692178,
        "max": 4.760141475410066,
        "rmse": 1.4547317865661475
    }
}