{
    "velocity": {
        "mean": 2.9536844231291934,
        "std_dev": 3.214925509205292,
        "min": -0.07950665840539585,
        "max": 10.936330487698381
    },
    "acceleration_x": {
        "mean": -0.03132759554260906,
        "std_dev": 0.4506080285151892,
        "min": -2.133958436801391,
        "max": 1.5379760068734436
    },
    "acceleration_y": {
        "mean": -0.29019245474167793,
        "std_dev": 0.22766042023347283,
        "min": -1.4969826543474738,
        "max": 0.5701817962887503
    },
    "jerk_x": {
        "mean": 0.026687843086802398,
        "std_dev": 7.0127482604113105,
        "min": -54.43799802147334,
        "max": 133.6946226776905,
        "rolling_mean_exceed_count": 0
    },
    "jerk_y": {
        "mean": -0.08402512094275214,
        "std_dev": 10.988411167150648,
        "min": -158.63381265297068,
        "max": 104.115025763541,
        "rolling_mean_exceed_count": 0
    },
    "roll": {
        "mean": 0.6959338645346441,
        "std_dev": 1.405683945721588,
        "min": -1.411089865190641,
        "max": 3.9305586377762274
    },
    "pitch": {
        "mean": -0.9287736460291022,
        "std_dev": 0.23411222157242487,
        "min": -1.4979746990800966,
        "max": -0.14878197746587807
    },
    "cte": {
        "mean": 0.061663731205376805,
        "std_dev": 0.07125113293099455,
        "min": 2.1712064384378225e-05,
        "max": 0.5872404191001609,
        "rmse": 0.09422918703946892
    },
    "headingerror": {
        "mean": 0.8031213190203421,
        "std_dev": 1.2923035521949724,
        "min": 0.0005340685134740397,
        "max": 9.771850047941825,
        "rmse": 1.5215296001329446
    }
}