{
    "velocity": {
        "mean": 2.789633898999133,
        "std_dev": 2.952537795003127,
        "min": -0.12229119433178565,
        "max": 9.633541869673882
    },
    "acceleration_x": {
        "mean": 0.010424752728309589,
        "std_dev": 0.5793260000745523,
        "min": -3.176420399450615,
        "max": 1.5599957442760806
    },
    "acceleration_y": {
        "mean": 0.0008888091761144995,
        "std_dev": 0.37418350488377977,
        "min": -0.8167838600819955,
        "max": 0.9804289326114695
    },
    "jerk_x": {
        "mean": 0.018118700547874598,
        "std_dev": 5.8816467447762255,
        "min": -66.65994548210104,
        "max": 52.515732253905725,
        "rolling_mean_exceed_count": 7
    },
    "jerk_y": {
        "mean": -0.031395479786094686,
        "std_dev": 9.950092941163557,
        "min": -216.891135464352,
        "max": 117.95870883719547,
        "rolling_mean_exceed_count": 0
    },
    "roll": {
        "mean": -0.45497825087703087,
        "std_dev": 0.47775920727064436,
        "min": -1.1956401664533527,
        "max": 0.30865943256989387
    },
    "pitch": {
        "mean": -0.920119486127213,
        "std_dev": 0.16529117283423314,
        "min": -1.5459929513620598,
        "max": -0.5375696754960476
    },
    "cte": {
        "mean": 0.07905534662525474,
        "std_dev": 0.0622964571863069,
        "min": 0.0004294962836411215,
        "max": 0.2999354676700253,
        "rmse": 0.10065086392080569
    },
    "headingerror": {
        "mean": 0.5006895285842271,
        "std_dev": 0.4774271822343062,
        "min": 0.0010725711987760178,
        "max": 2.642169504261716,
        "rmse": 0.6918285324920367
    }
}