{
    "velocity": {
        "mean": 3.7844413316781256,
        "std_dev": 4.276852150504922,
        "min": -0.16968924911768055,
        "max": 10.675433576339215
    },
    "acceleration_x": {
        "mean": 0.021614365199087725,
        "std_dev": 0.5364980935576199,
        "min": -2.059149610724064,
        "max": 1.9877271325996504,
        "rolling_mean_exceed_count": 0
    },
    "acceleration_y": {
        "mean": -0.13607722079444237,
        "std_dev": 0.42157632404711437,
        "min": -2.780042515574821,
        "max": 1.864946373552797
    },
    "jerk_x": {
        "mean": -0.02414733142612243,
        "std_dev": 10.997936609544016,
        "min": -359.56446771973805,
        "max": 521.3058046160231,
        "rolling_mean_exceed_count": 2
    },
    "jerk_y": {
        "mean": -0.0017911635168536971,
        "std_dev": 16.381510962491046,
        "min": -371.62248951330105,
        "max": 359.4962793145688,
        "rolling_mean_exceed_count": 15
    },
    "roll": {
        "mean": 0.1759445690991594,
        "std_dev": 0.9173119450339158,
        "min": -1.3972772889148768,
        "max": 4.265448504152228
    },
    "pitch": {
        "mean": -1.0342465327176673,
        "std_dev": 0.19602505634049164,
        "min": -1.827127763118531,
        "max": -0.2503490871225693
    },
    "cte": {
        "mean": 0.11656181957372731,
        "std_dev": 0.14544483597687838,
        "min": 1.7421250455339917e-05,
        "max": 1.1676807234823203,
        "rmse": 0.18638899671031878
    },
    "headingerror": {
        "mean": 0.8388238388707854,
        "std_dev": 1.5975563499563334,
        "min": -0.1803226948865131,
        "max": 18.04675121547246,
        "rmse": 1.80438679998046
    }
}