{
    "velocity": {
        "mean": 5.19706630283078,
        "std_dev": 5.29569227612924,
        "min": -0.14384472806349605,
        "max": 10.642445327344506
    },
    "acceleration_x": {
        "mean": 0.02656646237525842,
        "std_dev": 0.3046634366875501,
        "min": -0.8055617719142706,
        "max": 1.375256967564575
    },
    "acceleration_y": {
        "mean": -0.009371217652635551,
        "std_dev": 0.40660038104361435,
        "min": -1.184519554333203,
        "max": 1.187724799484292
    },
    "jerk_x": {
        "mean": -0.04337115683490314,
        "std_dev": 10.745627615629608,
        "min": -66.48785849322232,
        "max": 80.77224573245478,
        "rolling_mean_exceed_count": 28
    },
    "jerk_y": {
        "mean": 0.05018570469233141,
        "std_dev": 19.03294529962781,
        "min": -155.74193339862765,
        "max": 129.2604345863738,
        "rolling_mean_exceed_count": 0
    },
    "roll": {
        "mean": -0.04851562462879447,
        "std_dev": 0.6264019967168843,
        "min": -1.3972772889148768,
        "max": 0.9046601825843692
    },
    "pitch": {
        "mean": -1.029668463669531,
        "std_dev": 0.1177024962380669,
        "min": -1.6808391279478179,
        "max": -0.6157745495144363
    },
    "cte": {
        "mean": 0.15379972914174106,
        "std_dev": 0.145205712950789,
        "min": 0.00046283166763718504,
        "max": 0.6181855563262083,
        "rmse": 0.2115160886495868
    },
    "headingerror": {
        "mean": 0.961317350789042,
        "std_dev": 1.0193009073671262,
        "min": 0.0015067829738342198,
        "max": 4.627621620978971,
        "rmse": 1.4011086284394614
    }
}