{
    "velocity": {
        "mean": 3.315570105765965,
        "std_dev": 3.515247278258581,
        "min": -0.10712203245231544,
        "max": 10.63261777768439
    },
    "acceleration_x": {
        "mean": -0.016579282285887502,
        "std_dev": 0.4019832217392716,
        "min": -1.2601334217087055,
        "max": 1.4334517909787992
    },
    "acceleration_y": {
        "mean": -0.3825569351459205,
        "std_dev": 0.29677680299544323,
        "min": -2.1518621440115346,
        "max": 0.4581211028526392
    },
    "jerk_x": {
        "mean": -0.02405991802351645,
        "std_dev": 8.631837293497782,
        "min": -72.42852284194953,
        "max": 67.80934057746691,
        "rolling_mean_exceed_count": 0
    },
    "jerk_y": {
        "mean": 0.015310071520320394,
        "std_dev": 13.655714499226834,
        "min": -112.48651341583772,
        "max": 155.08988155299858,
        "rolling_mean_exceed_count": 1
    },
    "roll": {
        "mean": 0.952833240171279,
        "std_dev": 1.4312245622673065,
        "min": -1.2080595665023965,
        "max": 4.265448504152228
    },
    "pitch": {
        "mean": -1.0309803222726783,
        "std_dev": 0.2314998944978256,
        "min": -1.6425028991602004,
        "max": -0.266490686499452
    },
    "cte": {
        "mean": 0.08013705936459335,
        "std_dev": 0.07819649785929764,
        "min": 3.595510061388081e-05,
        "max": 0.6196799390581886,
        "rmse": 0.11196714054160488
    },
    "headingerror": {
        "mean": 0.8564249740931316,
        "std_dev": 1.3860121311044094,
        "min": -0.1803226948865131,
        "max": 10.415093596275142,
        "rmse": 1.6292616007931346
    }
}