{
    "velocity": {
        "mean": 3.3869108324345243,
        "std_dev": 4.452061016435084,
        "min": -0.16968924911768055,
        "max": 10.675433576339215
    },
    "acceleration_x": {
        "mean": 0.006438773289184976,
        "std_dev": 0.7021623729706079,
        "min": -1.496423772205437,
        "max": 1.9877271325996504
    },
    "acceleration_y": {
        "mean": 0.0567092421817687,
        "std_dev": 0.221328633058181,
        "min": -1.3831987605221836,
        "max": 1.864946373552797
    },
    "jerk_x": {
        "mean": -0.0750031197216782,
        "std_dev": 12.089042578013188,
        "min": -219.32447653267258,
        "max": 164.78889700976563,
        "rolling_mean_exceed_count": 72
    },
    "jerk_y": {
        "mean": 0.04354316546201325,
        "std_dev": 17.92825226518925,
        "min": -207.48233508656233,
        "max": 359.4962793145688,
        "rolling_mean_exceed_count": 50
    },
    "roll": {
        "mean": -0.0959936779979769,
        "std_dev": 0.6224411675108303,
        "min": -0.9268244336829515,
        "max": 1.2682187417642083
    },
    "pitch": {
        "mean": -1.0240496556645173,
        "std_dev": 0.206692708779823,
        "min": -1.827127763118531,
        "max": -0.2503490871225693
    },
    "cte": {
        "mean": 0.08256805136001687,
        "std_dev": 0.061163269092814776,
        "min": 0.0003058149957757208,
        "max": 0.3673241119215699,
        "rmse": 0.10275421447079656
    },
    "headingerror": {
        "mean": 0.49980186150187994,
        "std_dev": 0.41239448118127214,
        "min": 0.0007095508252632499,
        "max": 2.0236083072715587,
        "rmse": 0.6479746205442887
    }
}