{
    "velocity": {
        "mean": 2.5026498064273244,
        "std_dev": 3.794656260746476,
        "min": -0.16968924911768055,
        "max": 10.645334795989108
    },
    "acceleration_x": {
        "mean": 0.14722530758854535,
        "std_dev": 0.8146339572826264,
        "min": -1.402643837340035,
        "max": 1.9877271325996504
    },
    "acceleration_y": {
        "mean": 0.0679389365610789,
        "std_dev": 0.23561134296123007,
        "min": -0.7050919624620436,
        "max": 1.0621590127764584
    },
    "roll": {
        "mean": -0.2856538762917047,
        "std_dev": 0.6109560522110996,
        "min": -0.9268244336829515,
        "max": 1.2682187417642083
    },
    "cte": {
        "mean": 0.08588684069195769,
        "std_dev": 0.07449875369988472,
        "min": 0.0003058149957757208,
        "max": 0.3673241119215699,
        "rmse": 0.11369526686226566
    },
    "headingerror": {
        "mean": 0.694451562148145,
        "std_dev": 0.40596501059670526,
        "min": 0.0007095508252632499,
        "max": 2.0236083072715587,
        "rmse": 0.8044069629228614
    }
}