{
    "velocity": {
        "mean": 3.3868029855301405,
        "std_dev": 4.450097529700418,
        "min": -0.16968924911768055,
        "max": 10.675433576339215
    },
    "acceleration_x": {
        "mean": 0.005677328932588091,
        "std_dev": 0.7018230110247837,
        "min": -1.496423772205437,
        "max": 1.9877271325996504,
        "rolling_mean_exceed_count": 0
    },
    "acceleration_y": {
        "mean": 0.056848425363126835,
        "std_dev": 0.2211888959303721,
        "min": -1.3831987605221836,
        "max": 1.864946373552797
    },
    "jerk_x": {
        "mean": -0.0722535120621843,
        "std_dev": 12.080560232185416,
        "min": -219.32447653267258,
        "max": 164.78889700976563,
        "rolling_mean_exceed_count": 0
    },
    "jerk_y": {
        "mean": 0.04534262249472899,
        "std_dev": 17.916103986410302,
        "min": -207.48233508656233,
        "max": 359.4962793145688,
        "rolling_mean_exceed_count": 14
    },
    "roll": {
        "mean": -0.09642430022784355,
        "std_dev": 0.6223078636080124,
        "min": -0.9268244336829515,
        "max": 1.2682187417642083
    },
    "pitch": {
        "mean": -1.0242127300243682,
        "std_dev": 0.2065564140225395,
        "min": -1.827127763118531,
        "max": -0.2503490871225693
    },
    "cte": {
        "mean": 0.08247009440675415,
        "std_dev": 0.06113367318936924,
        "min": 0.0003058149957757208,
        "max": 0.3673241119215699,
        "rmse": 0.10265789043752821
    },
    "headingerror": {
        "mean": 0.4991634715684841,
        "std_dev": 0.4122661711933575,
        "min": 0.0007095508252632499,
        "max": 2.0236083072715587,
        "rmse": 0.6474006234618033
    }
}