{
    "velocity": {
        "mean": 3.1216961918405532,
        "std_dev": 3.271373395975235,
        "min": -0.11048803830231428,
        "max": 9.629695504269264
    },
    "acceleration_x": {
        "mean": 0.2279145154323256,
        "std_dev": 0.5591479582203287,
        "min": -0.8737396604707426,
        "max": 1.453943314967368,
        "rolling_mean_exceed_count": 0
    },
    "acceleration_y": {
        "mean": -0.5834333245385707,
        "std_dev": 0.8326983313369172,
        "min": -2.780042515574821,
        "max": 1.0395768444529185
    },
    "jerk_x": {
        "mean": -0.12099965602540241,
        "std_dev": 8.798905687647473,
        "min": -54.499304077603604,
        "max": 44.57876924076059,
        "rolling_mean_exceed_count": 0
    },
    "jerk_y": {
        "mean": 0.004051161851598808,
        "std_dev": 17.384474790709362,
        "min": -124.63183275278428,
        "max": 181.37450914718914,
        "rolling_mean_exceed_count": 0
    },
    "roll": {
        "mean": 0.08062366707691664,
        "std_dev": 0.6235685261527849,
        "min": -1.0349007533126087,
        "max": 1.4311657727151375
    },
    "pitch": {
        "mean": -1.0051781521478216,
        "std_dev": 0.18777670079095699,
        "min": -1.3670242798055185,
        "max": -0.5087050142676633
    },
    "cte": {
        "mean": 0.36801762363494517,
        "std_dev": 0.2897711286619649,
        "min": 0.0017208657904620183,
        "max": 0.8995948827236971,
        "rmse": 0.46840610405068506
    },
    "headingerror": {
        "mean": 4.612734308174373,
        "std_dev": 4.487118543527526,
        "min": 0.005995250789827544,
        "max": 18.04675121547246,
        "rmse": 6.435180698432444
    }
}