{
    "velocity": {
        "mean": 3.18350382876625,
        "std_dev": 3.306417354957567,
        "min": -0.1101739973106669,
        "max": 9.780550746880559
    },
    "acceleration_x": {
        "mean": 0.02197384604409166,
        "std_dev": 0.5340186427704366,
        "min": -1.855778375783643,
        "max": 1.4504811167539007
    },
    "acceleration_y": {
        "mean": 0.005649604464226301,
        "std_dev": 0.48406434559823586,
        "min": -1.0219298742136005,
        "max": 1.163264867812349
    },
    "jerk_x": {
        "mean": 0.03386904645109989,
        "std_dev": 7.421734797961959,
        "min": -72.19573682166794,
        "max": 70.89396598053243,
        "rolling_mean_exceed_count": 0
    },
    "jerk_y": {
        "mean": -0.02558548980127157,
        "std_dev": 13.748740272353412,
        "min": -227.77644194517637,
        "max": 289.10770557909,
        "rolling_mean_exceed_count": 1
    },
    "roll": {
        "mean": -0.17514894052235658,
        "std_dev": 0.4095765264793877,
        "min": -0.8579773631619114,
        "max": 0.5342089258892047
    },
    "pitch": {
        "mean": -1.0576164297074235,
        "std_dev": 0.16927162554868402,
        "min": -1.7237971136213108,
        "max": -0.6664062468532511
    },
    "cte": {
        "mean": 0.10225985346330863,
        "std_dev": 0.06595215609054729,
        "min": 0.00030462457622480114,
        "max": 0.3164515200241521,
        "rmse": 0.12168304944949919
    },
    "headingerror": {
        "mean": 0.5170897225446089,
        "std_dev": 0.46409117432096136,
        "min": 0.0020170385493401,
        "max": 2.5603786177727272,
        "rmse": 0.694811052908537
    }
}