{
    "velocity": {
        "mean": 5.179185267323391,
        "std_dev": 5.326041173895018,
        "min": -0.16325613670130576,
        "max": 10.954895333522664
    },
    "acceleration_x": {
        "mean": 0.014840314643612275,
        "std_dev": 0.3008807611201139,
        "min": -0.7097046435848643,
        "max": 1.7476951715842153
    },
    "acceleration_y": {
        "mean": 0.13180989103448043,
        "std_dev": 0.30724242071534974,
        "min": -1.7128036107628914,
        "max": 1.6944923971330805
    },
    "jerk_x": {
        "mean": -0.01488255620216317,
        "std_dev": 13.123121943394409,
        "min": -128.60299709770214,
        "max": 96.20892100188274,
        "rolling_mean_exceed_count": 0
    },
    "jerk_y": {
        "mean": -0.07998563225050298,
        "std_dev": 20.038497741155325,
        "min": -159.4728495869565,
        "max": 163.25639931279156,
        "rolling_mean_exceed_count": 0
    },
    "roll": {
        "mean": -0.09482836575088262,
        "std_dev": 0.5981858413131295,
        "min": -1.2882436266560064,
        "max": 0.8960257821574993
    },
    "pitch": {
        "mean": -0.9102571061476408,
        "std_dev": 0.17617177003122755,
        "min": -1.5607906073176103,
        "max": -0.04183298006520278
    },
    "cte": {
        "mean": 0.2509197616750417,
        "std_dev": 0.15482866023377864,
        "min": 0.01116730402980502,
        "max": 0.7199365653065508,
        "rmse": 0.29484341747586396
    },
    "headingerror": {
        "mean": 0.6686450975017151,
        "std_dev": 0.6265697831881538,
        "min": 0.0002127290613458399,
        "max": 3.237213199622616,
        "rmse": 0.9163383434177182
    }
}