{
    "velocity": {
        "mean": 3.7240978860640532,
        "std_dev": 3.908550631244148,
        "min": -0.15415045724009832,
        "max": 9.997302854772876
    },
    "acceleration_x": {
        "mean": -0.046501030155405534,
        "std_dev": 0.42170551286231567,
        "min": -0.8232878952766608,
        "max": 1.2743470957664331
    },
    "acceleration_y": {
        "mean": 0.0901845314507032,
        "std_dev": 0.7034279147780055,
        "min": -1.3009204041714248,
        "max": 1.5694557880010218
    },
    "jerk_x": {
        "mean": -0.03377199227597643,
        "std_dev": 9.96510395833672,
        "min": -249.60515450233092,
        "max": 213.81909315555873,
        "rolling_mean_exceed_count": 0
    },
    "jerk_y": {
        "mean": -0.11425009355819955,
        "std_dev": 14.086824121142643,
        "min": -146.21470187266885,
        "max": 257.99083741538897,
        "rolling_mean_exceed_count": 0
    },
    "roll": {
        "mean": -0.326059002916926,
        "std_dev": 0.36544588866495153,
        "min": -1.0060506638747537,
        "max": 0.3564661771997722
    },
    "pitch": {
        "mean": -0.9219277844138065,
        "std_dev": 0.15053408006204422,
        "min": -1.5842739203229257,
        "max": -0.6126643198427665
    },
    "cte": {
        "mean": 0.5594097136615942,
        "std_dev": 0.3161808764735179,
        "min": 0.0015905355275534505,
        "max": 1.338135224719618,
        "rmse": 0.6425804030520296
    },
    "headingerror": {
        "mean": 1.376358100542691,
        "std_dev": 1.0168008562613313,
        "min": 3.2318984011681096e-05,
        "max": 4.706306743171808,
        "rmse": 1.711211735064735
    }
}