{
    "velocity": {
        "mean": 5.339817799313363,
        "std_dev": 5.431813050697018,
        "min": -0.12014830526342278,
        "max": 10.956305119802346
    },
    "acceleration_x": {
        "mean": 0.07607887073611953,
        "std_dev": 0.28413696590653326,
        "min": -0.5241527647944673,
        "max": 1.3315103124892749
    },
    "acceleration_y": {
        "mean": -0.011243396639439495,
        "std_dev": 0.33161797595406783,
        "min": -0.9297845423391714,
        "max": 1.0990596112110673
    },
    "jerk_x": {
        "mean": -0.1131422043127388,
        "std_dev": 9.399741247344366,
        "min": -65.79124184191359,
        "max": 56.605686849566624,
        "rolling_mean_exceed_count": 0
    },
    "jerk_y": {
        "mean": 0.04130706130479134,
        "std_dev": 16.526392351216668,
        "min": -84.56654022680917,
        "max": 99.02043525226544,
        "rolling_mean_exceed_count": 0
    },
    "roll": {
        "mean": -0.3607976373820532,
        "std_dev": 0.6128016630162287,
        "min": -1.6370337425736985,
        "max": 0.5236552119920046
    },
    "pitch": {
        "mean": -0.8680214493429672,
        "std_dev": 0.11945540604872468,
        "min": -1.4969434285154197,
        "max": -0.3816477262834494
    },
    "cte": {
        "mean": 0.2044527165762999,
        "std_dev": 0.185464077094006,
        "min": 6.021310263530706e-05,
        "max": 0.7755584027334878,
        "rmse": 0.27603955732423613
    },
    "headingerror": {
        "mean": 0.9916840370029592,
        "std_dev": 1.1703262249232051,
        "min": 0.00044391346720829006,
        "max": 5.268894685598099,
        "rmse": 1.533981975770735
    }
}