{
    "velocity": {
        "mean": 5.068976150808829,
        "std_dev": 5.227009378007394,
        "min": -0.15749062327473579,
        "max": 10.954895333522664
    },
    "acceleration_x": {
        "mean": 0.11895499029555606,
        "std_dev": 0.3893564850255718,
        "min": -0.49507357516203093,
        "max": 1.7476951715842153
    },
    "acceleration_y": {
        "mean": 0.22539254428579694,
        "std_dev": 0.3595518943855397,
        "min": -0.7902783081188023,
        "max": 1.211815548128054
    },
    "roll": {
        "mean": -0.20468698515890774,
        "std_dev": 0.6876585655579673,
        "min": -1.2882436266560064,
        "max": 0.8561060672716326
    },
    "cte": {
        "mean": 0.3198951027381654,
        "std_dev": 0.2019513718752994,
        "min": 0.01116730402980502,
        "max": 0.7199365653065508,
        "rmse": 0.37830838393852295
    },
    "headingerror": {
        "mean": 0.9808122223322039,
        "std_dev": 0.7856731165455555,
        "min": 0.0002127290613458399,
        "max": 3.237213199622616,
        "rmse": 1.2566920313022767
    }
}