{
    "velocity": {
        "mean": 4.497801632914299,
        "std_dev": 4.786484692493085,
        "min": -0.16325613670130576,
        "max": 10.974034736814389
    },
    "acceleration_x": {
        "mean": 0.01814604699559434,
        "std_dev": 0.4144056241689961,
        "min": -2.0154405548163616,
        "max": 2.173583475308664,
        "rolling_mean_exceed_count": 0
    },
    "acceleration_y": {
        "mean": -0.20157354158444107,
        "std_dev": 0.5569946103016925,
        "min": -2.1475380015760273,
        "max": 1.6944923971330805
    },
    "jerk_x": {
        "mean": -0.041529457653231516,
        "std_dev": 10.013499811113112,
        "min": -249.60515450233092,
        "max": 213.81909315555873,
        "rolling_mean_exceed_count": 0
    },
    "jerk_y": {
        "mean": 0.012127202723475583,
        "std_dev": 16.12792754804597,
        "min": -159.4728495869565,
        "max": 257.99083741538897,
        "rolling_mean_exceed_count": 21
    },
    "roll": {
        "mean": -0.11319237801010527,
        "std_dev": 0.8464270007650746,
        "min": -1.6370337425736985,
        "max": 3.478092860880889
    },
    "pitch": {
        "mean": -0.8955386841315792,
        "std_dev": 0.1765029698157561,
        "min": -1.6294203036415742,
        "max": -0.04183298006520278
    },
    "cte": {
        "mean": 0.36033406697448805,
        "std_dev": 0.3695229901911932,
        "min": 6.021310263530706e-05,
        "max": 2.1916770893710353,
        "rmse": 0.5161277749765222
    },
    "headingerror": {
        "mean": 1.3805185697752114,
        "std_dev": 2.508594900083929,
        "min": 3.2318984011681096e-05,
        "max": 25.19897403621934,
        "rmse": 2.8633686270232994
    }
}