{
    "velocity": {
        "mean": 3.5298564363626164,
        "std_dev": 3.619877819785769,
        "min": -0.10999455930642213,
        "max": 8.90597707145549
    },
    "acceleration_x": {
        "mean": 0.07727657842018072,
        "std_dev": 0.5241738586530641,
        "min": -0.5740060442145154,
        "max": 1.2599049217154494,
        "rolling_mean_exceed_count": 0
    },
    "acceleration_y": {
        "mean": -0.8925377091839853,
        "std_dev": 0.5714797347014131,
        "min": -2.1475380015760273,
        "max": 0.4185645183712863
    },
    "jerk_x": {
        "mean": -0.1138347752283791,
        "std_dev": 8.784596404184176,
        "min": -50.5526277444841,
        "max": 46.6458601992654,
        "rolling_mean_exceed_count": 0
    },
    "jerk_y": {
        "mean": 0.04952096624084977,
        "std_dev": 17.1437577316459,
        "min": -97.36757535525571,
        "max": 101.00306090990689,
        "rolling_mean_exceed_count": 21
    },
    "roll": {
        "mean": -0.35758703768147976,
        "std_dev": 0.5708077220855435,
        "min": -1.617208026062279,
        "max": 0.6311410830695448
    },
    "pitch": {
        "mean": -0.8646583488749817,
        "std_dev": 0.20228434467553447,
        "min": -1.3051677956492742,
        "max": -0.34305554174292374
    },
    "cte": {
        "mean": 1.177423299394461,
        "std_dev": 0.6989434179669155,
        "min": 0.03057332817629842,
        "max": 2.1916770893710353,
        "rmse": 1.3692507175372277
    },
    "headingerror": {
        "mean": 8.041385661953102,
        "std_dev": 6.728535373658028,
        "min": 0.07758545137621908,
        "max": 25.19897403621934,
        "rmse": 10.4850880606141
    }
}