{
    "velocity": {
        "mean": 5.1779721624440205,
        "std_dev": 5.3248525838083625,
        "min": -0.16325613670130576,
        "max": 10.954895333522664
    },
    "acceleration_x": {
        "mean": 0.01439205236936718,
        "std_dev": 0.30083547409662487,
        "min": -0.7097046435848643,
        "max": 1.7476951715842153,
        "rolling_mean_exceed_count": 0
    },
    "acceleration_y": {
        "mean": 0.13213111281272924,
        "std_dev": 0.3070949272419365,
        "min": -1.7128036107628914,
        "max": 1.6944923971330805
    },
    "jerk_x": {
        "mean": -0.014633924951603495,
        "std_dev": 13.113183210294672,
        "min": -128.60299709770214,
        "max": 96.20892100188274,
        "rolling_mean_exceed_count": 0
    },
    "jerk_y": {
        "mean": -0.0751951976638512,
        "std_dev": 20.023662792927087,
        "min": -159.4728495869565,
        "max": 163.25639931279156,
        "rolling_mean_exceed_count": 0
    },
    "roll": {
        "mean": -0.09540733801141454,
        "std_dev": 0.5982728378518494,
        "min": -1.2882436266560064,
        "max": 0.8960257821574993
    },
    "pitch": {
        "mean": -0.9102377914135399,
        "std_dev": 0.17609949420242,
        "min": -1.5607906073176103,
        "max": -0.04183298006520278
    },
    "cte": {
        "mean": 0.25048631635164365,
        "std_dev": 0.1547649902172416,
        "min": 0.01116730402980502,
        "max": 0.7199365653065508,
        "rmse": 0.29444116029583667
    },
    "headingerror": {
        "mean": 0.6688573059524549,
        "std_dev": 0.6261312389852761,
        "min": 0.0002127290613458399,
        "max": 3.237213199622616,
        "rmse": 0.916193442543229
    }
}