{
    "velocity": {
        "mean": 4.491851431451577,
        "std_dev": 4.589471766456697,
        "min": -0.08253718171085471,
        "max": 10.974034736814389
    },
    "acceleration_x": {
        "mean": -0.08311630408129807,
        "std_dev": 0.3223958986740926,
        "min": -0.6142622016699676,
        "max": 1.1788191527252574
    },
    "acceleration_y": {
        "mean": -0.7270112570889371,
        "std_dev": 0.5206710135762898,
        "min": -1.9014091249734129,
        "max": 0.3892845868161469
    },
    "jerk_x": {
        "mean": 0.008379840967475875,
        "std_dev": 9.094668459268256,
        "min": -88.30427300901248,
        "max": 72.72728488755679,
        "rolling_mean_exceed_count": 0
    },
    "jerk_y": {
        "mean": 0.04094452548855005,
        "std_dev": 16.0840310769177,
        "min": -128.5942836790897,
        "max": 142.20600685693663,
        "rolling_mean_exceed_count": 0
    },
    "roll": {
        "mean": 0.48841995791116005,
        "std_dev": 1.4304975878605426,
        "min": -1.4705771758231951,
        "max": 3.478092860880889
    },
    "pitch": {
        "mean": -0.9308369585012346,
        "std_dev": 0.20203175992794242,
        "min": -1.6294203036415742,
        "max": -0.4203141274762794
    },
    "cte": {
        "mean": 0.2982949450597941,
        "std_dev": 0.268649081768075,
        "min": 0.00011372580535558367,
        "max": 1.2021659172997958,
        "rmse": 0.4014376706078484
    },
    "headingerror": {
        "mean": 1.3963381964510855,
        "std_dev": 1.704643172498368,
        "min": 0.00028094330984629323,
        "max": 13.13489669423241,
        "rmse": 2.203535501055876
    }
}