{
    "velocity": {
        "mean": 3.100308902820597,
        "std_dev": 3.162483611394023,
        "min": -0.057027120227397844,
        "max": 8.290624162334923
    },
    "acceleration_x": {
        "mean": 0.010446790127015274,
        "std_dev": 0.3760377159370952,
        "min": -1.3549446685532676,
        "max": 0.9446095972704682
    },
    "acceleration_y": {
        "mean": 0.048019587294375596,
        "std_dev": 0.4394779069716061,
        "min": -1.0211658825569456,
        "max": 0.9844114841197913
    },
    "jerk_x": {
        "mean": 0.03790724890247112,
        "std_dev": 7.925984227164078,
        "min": -74.11544732257832,
        "max": 67.83514993936036,
        "rolling_mean_exceed_count": 0
    },
    "jerk_y": {
        "mean": 0.01987669561044971,
        "std_dev": 11.979492158864778,
        "min": -127.57909345567947,
        "max": 138.15084005537526,
        "rolling_mean_exceed_count": 0
    },
    "roll": {
        "mean": -0.13417794973958264,
        "std_dev": 0.44356398165307104,
        "min": -0.7992352602192714,
        "max": 0.5965978084639324
    },
    "pitch": {
        "mean": -1.049297216563864,
        "std_dev": 0.1452882690281974,
        "min": -1.7890807554482653,
        "max": -0.7868541016642341
    },
    "cte": {
        "mean": 0.478991641151009,
        "std_dev": 0.30982612847217184,
        "min": 0.0011158555786656306,
        "max": 1.3582440508966447,
        "rmse": 0.5704605351613657
    },
    "headingerror": {
        "mean": 1.3177514235692396,
        "std_dev": 1.0767767150161114,
        "min": 0.004218608873699736,
        "max": 4.604711334287231,
        "rmse": 1.7017393773194665
    }
}