{
    "velocity": {
        "mean": 3.031346098483407,
        "std_dev": 3.0937736424575704,
        "min": -0.07831053218422201,
        "max": 8.175514316488707
    },
    "acceleration_x": {
        "mean": 0.09206294915104124,
        "std_dev": 0.397957590719489,
        "min": -0.7292436870004128,
        "max": 0.9323433769686724,
        "rolling_mean_exceed_count": 0
    },
    "acceleration_y": {
        "mean": -0.6258892232532193,
        "std_dev": 0.3850706006240207,
        "min": -1.8977628902991077,
        "max": 0.4157101280802082
    },
    "jerk_x": {
        "mean": 0.03803518297689437,
        "std_dev": 10.15054026175188,
        "min": -80.84665956218713,
        "max": 91.6820240825937,
        "rolling_mean_exceed_count": 0
    },
    "jerk_y": {
        "mean": 0.059789579008099766,
        "std_dev": 17.987445273935112,
        "min": -124.68029783257653,
        "max": 130.93433499529206,
        "rolling_mean_exceed_count": 1
    },
    "roll": {
        "mean": 0.04029302514069154,
        "std_dev": 0.5610292738411007,
        "min": -1.321291149342806,
        "max": 0.9237161932630924
    },
    "pitch": {
        "mean": -1.019005642727833,
        "std_dev": 0.2126266010224155,
        "min": -1.4367294947145566,
        "max": -0.4033821163265636
    },
    "cte": {
        "mean": 1.1260326694248672,
        "std_dev": 0.7123020716593182,
        "min": 0.012578176409961313,
        "max": 2.2010347292311883,
        "rmse": 1.332412779097472
    },
    "headingerror": {
        "mean": 8.269850171788207,
        "std_dev": 6.651070858926463,
        "min": 0.036652698898683056,
        "max": 25.4306041929349,
        "rmse": 10.612594660792725
    }
}