{
    "velocity": {
        "mean": 2.248030452692102,
        "std_dev": 3.323052666868765,
        "min": -0.10199750926954573,
        "max": 10.58765586444252
    },
    "acceleration_x": {
        "mean": 0.1333960770804301,
        "std_dev": 0.7050426729218292,
        "min": -1.3966651482613044,
        "max": 1.8506487307377113
    },
    "acceleration_y": {
        "mean": 0.05685192840343772,
        "std_dev": 0.15877208053662206,
        "min": -0.821767769258385,
        "max": 1.0536735678288687
    },
    "roll": {
        "mean": -0.32679736836522205,
        "std_dev": 0.6616378110963491,
        "min": -0.985065220218491,
        "max": 1.1006194268221166
    },
    "cte": {
        "mean": 0.32554173427108696,
        "std_dev": 0.18192895186738112,
        "min": 0.0010132010937860987,
        "max": 0.7150030664417412,
        "rmse": 0.3729283634691667
    },
    "headingerror": {
        "mean": 1.265222636962346,
        "std_dev": 0.685901966389878,
        "min": 0.0009686549801273259,
        "max": 3.2804548420185284,
        "rmse": 1.4391837369076452
    }
}