{
    "velocity": {
        "mean": 3.6703989730227784,
        "std_dev": 4.161012999924222,
        "min": -0.12096598169729603,
        "max": 10.650233614208137
    },
    "acceleration_x": {
        "mean": 0.004034455390671672,
        "std_dev": 0.4638455824871195,
        "min": -2.1086887330270887,
        "max": 2.043062018599705,
        "rolling_mean_exceed_count": 0
    },
    "acceleration_y": {
        "mean": -0.12922831310073998,
        "std_dev": 0.3503162630979566,
        "min": -1.8977628902991077,
        "max": 1.6435263509988864
    },
    "jerk_x": {
        "mean": 0.010898605451512236,
        "std_dev": 9.89183416223667,
        "min": -218.17120185241563,
        "max": 250.17606568176046,
        "rolling_mean_exceed_count": 0
    },
    "jerk_y": {
        "mean": 0.010841728591275777,
        "std_dev": 15.31749568226074,
        "min": -297.7661275452727,
        "max": 219.7705369046063,
        "rolling_mean_exceed_count": 3
    },
    "roll": {
        "mean": 0.19361792480434076,
        "std_dev": 0.9064967338930856,
        "min": -1.321291149342806,
        "max": 3.9087502404267718
    },
    "pitch": {
        "mean": -1.0301727521401642,
        "std_dev": 0.17954930423923982,
        "min": -1.7960862146081955,
        "max": -0.15158084256412974
    },
    "cte": {
        "mean": 0.34506781919708535,
        "std_dev": 0.39484409171568624,
        "min": 5.838847006091921e-06,
        "max": 3.1893410873011416,
        "rmse": 0.5243793060449827
    },
    "headingerror": {
        "mean": 1.4220814579933576,
        "std_dev": 2.4930406267851737,
        "min": 5.859569665744857e-05,
        "max": 25.4306041929349,
        "rmse": 2.8701162415431756
    }
}