{
    "velocity": {
        "mean": 5.145241746840404,
        "std_dev": 5.227015789654741,
        "min": -0.10492002984174927,
        "max": 10.632435571087175
    },
    "acceleration_x": {
        "mean": 0.05636181750076217,
        "std_dev": 0.32137938843230773,
        "min": -0.7654144251300432,
        "max": 0.9687923637039956
    },
    "acceleration_y": {
        "mean": -0.010548908923943999,
        "std_dev": 0.31029545517731144,
        "min": -0.8739256642477526,
        "max": 1.0207209956421512
    },
    "jerk_x": {
        "mean": -0.002040370527115539,
        "std_dev": 10.834363718663877,
        "min": -126.84829819850626,
        "max": 98.04804107018681,
        "rolling_mean_exceed_count": 0
    },
    "jerk_y": {
        "mean": -0.013618525341481847,
        "std_dev": 18.281872801849268,
        "min": -157.89368283774476,
        "max": 128.57915679217615,
        "rolling_mean_exceed_count": 0
    },
    "roll": {
        "mean": -0.02653137484428441,
        "std_dev": 0.6081657216457825,
        "min": -1.3124305884376373,
        "max": 0.8573665857297939
    },
    "pitch": {
        "mean": -1.0103827657524924,
        "std_dev": 0.11665507529710054,
        "min": -1.6570629960955074,
        "max": -0.6165263172142483
    },
    "cte": {
        "mean": 0.20805043649813312,
        "std_dev": 0.19097090246582876,
        "min": 2.258760865309138e-05,
        "max": 0.7861061096637193,
        "rmse": 0.2824090468021108
    },
    "headingerror": {
        "mean": 1.06876703046835,
        "std_dev": 1.1563429029842849,
        "min": 5.859569665744857e-05,
        "max": 5.540842095122073,
        "rmse": 1.5746084829881548
    }
}