{
    "velocity": {
        "mean": 3.1974576138924466,
        "std_dev": 4.226266568136734,
        "min": -0.10199750926954573,
        "max": 10.648126771874361
    },
    "acceleration_x": {
        "mean": 0.023897910624693208,
        "std_dev": 0.6071039826250307,
        "min": -1.3966651482613044,
        "max": 1.8506487307377113,
        "rolling_mean_exceed_count": 0
    },
    "acceleration_y": {
        "mean": 0.05321045093582442,
        "std_dev": 0.17210666435781094,
        "min": -1.6324203095081906,
        "max": 1.6435263509988864
    },
    "jerk_x": {
        "mean": -0.03503354667069973,
        "std_dev": 10.591180712620625,
        "min": -110.19325589635217,
        "max": 133.67593741633513,
        "rolling_mean_exceed_count": 0
    },
    "jerk_y": {
        "mean": 0.11129574456155478,
        "std_dev": 16.82025681335235,
        "min": -192.93072786161753,
        "max": 219.7705369046063,
        "rolling_mean_exceed_count": 2
    },
    "roll": {
        "mean": -0.1404428413248468,
        "std_dev": 0.6622562879086653,
        "min": -0.985065220218491,
        "max": 1.1432405815727957
    },
    "pitch": {
        "mean": -1.0265253406506365,
        "std_dev": 0.19085981062291194,
        "min": -1.7960862146081955,
        "max": -0.15158084256412974
    },
    "cte": {
        "mean": 0.24475174995297516,
        "std_dev": 0.18424455824675925,
        "min": 0.0010132010937860987,
        "max": 0.7150030664417412,
        "rmse": 0.30634861897613824
    },
    "headingerror": {
        "mean": 0.8778428284476508,
        "std_dev": 0.76278693394522,
        "min": 0.0001660943190273656,
        "max": 3.2804548420185284,
        "rmse": 1.162949671333425
    }
}