{
    "velocity": {
        "mean": 3.3469738035653025,
        "std_dev": 3.4997342518878116,
        "min": -0.07372592034661504,
        "max": 10.471865620685092
    },
    "acceleration_x": {
        "mean": -0.03422269653311823,
        "std_dev": 0.34686924426955695,
        "min": -0.7522011138412659,
        "max": 0.894029262613406
    },
    "acceleration_y": {
        "mean": -0.38257127378747924,
        "std_dev": 0.2499875769356121,
        "min": -1.2890839065117952,
        "max": 0.34442729908992525
    },
    "jerk_x": {
        "mean": 0.03662231172166497,
        "std_dev": 8.086763939970572,
        "min": -99.3513024422244,
        "max": 74.07430277432952,
        "rolling_mean_exceed_count": 0
    },
    "jerk_y": {
        "mean": 0.024291563315146522,
        "std_dev": 12.312207274852646,
        "min": -123.2462010009029,
        "max": 123.89852749004055,
        "rolling_mean_exceed_count": 0
    },
    "roll": {
        "mean": 0.9818294889395697,
        "std_dev": 1.407704832992532,
        "min": -1.0694008419511105,
        "max": 3.9087502404267718
    },
    "pitch": {
        "mean": -1.0261225030773788,
        "std_dev": 0.19971573191241393,
        "min": -1.6980340171356088,
        "max": -0.5579800420682066
    },
    "cte": {
        "mean": 0.26004689860781943,
        "std_dev": 0.21056228974865215,
        "min": 5.838847006091921e-06,
        "max": 1.072456962656669,
        "rmse": 0.3346055399119101
    },
    "headingerror": {
        "mean": 1.4001234412568666,
        "std_dev": 1.7139350385852266,
        "min": 0.001809052664725641,
        "max": 13.449233951742059,
        "rmse": 2.213124254814246
    }
}