{
    "velocity": {
        "mean": 3.195649226676101,
        "std_dev": 4.227758168926942,
        "min": -0.10199750926954573,
        "max": 10.648126771874361
    },
    "acceleration_x": {
        "mean": 0.02559836409936555,
        "std_dev": 0.6072370940786519,
        "min": -1.3966651482613044,
        "max": 1.8506487307377113
    },
    "acceleration_y": {
        "mean": 0.05278412054667711,
        "std_dev": 0.1721623175008242,
        "min": -1.6324203095081906,
        "max": 1.6435263509988864
    },
    "jerk_x": {
        "mean": -0.03603759712328792,
        "std_dev": 10.603836553517038,
        "min": -110.19325589635217,
        "max": 133.67593741633513,
        "rolling_mean_exceed_count": 0
    },
    "jerk_y": {
        "mean": 0.1124890546878387,
        "std_dev": 16.841985867400844,
        "min": -192.93072786161753,
        "max": 219.7705369046063,
        "rolling_mean_exceed_count": 18
    },
    "roll": {
        "mean": -0.1397372221294648,
        "std_dev": 0.6625365638409941,
        "min": -0.985065220218491,
        "max": 1.1432405815727957
    },
    "pitch": {
        "mean": -1.0263203684395836,
        "std_dev": 0.19104925962271227,
        "min": -1.7960862146081955,
        "max": -0.15158084256412974
    },
    "cte": {
        "mean": 0.24551495097243528,
        "std_dev": 0.1842175747702463,
        "min": 0.0010132010937860987,
        "max": 0.7150030664417412,
        "rmse": 0.3069425125414018
    },
    "headingerror": {
        "mean": 0.8798538570793606,
        "std_dev": 0.7633310827228178,
        "min": 0.0001660943190273656,
        "max": 3.2804548420185284,
        "rmse": 1.1648249446454246
    }
}