{
    "velocity": {
        "mean": 5.344829479611874,
        "std_dev": 5.469385822064273,
        "min": -0.18177806609595018,
        "max": 10.917183771566501
    },
    "acceleration_x": {
        "mean": 0.04356796350736083,
        "std_dev": 0.16859761216745606,
        "min": -0.5103676145081677,
        "max": 0.70015022252429
    },
    "acceleration_y": {
        "mean": 0.5055436850142484,
        "std_dev": 1.1483008258350322,
        "min": -2.5064576983554265,
        "max": 2.4687963547600047
    },
    "jerk_x": {
        "mean": 0.16369569041571516,
        "std_dev": 10.203365040299728,
        "min": -103.68272070547104,
        "max": 64.59864063113767,
        "rolling_mean_exceed_count": 0
    },
    "jerk_y": {
        "mean": 0.08344752654238373,
        "std_dev": 20.186765699934927,
        "min": -184.20140554815634,
        "max": 177.38400454038194,
        "rolling_mean_exceed_count": 1
    },
    "roll": {
        "mean": -0.37152109405554984,
        "std_dev": 0.2903984984360458,
        "min": -0.8509559064544826,
        "max": 0.39564064713851504
    },
    "pitch": {
        "mean": -0.9192483798669278,
        "std_dev": 0.1262751366924021,
        "min": -1.5188093605813437,
        "max": -0.600894381960347
    },
    "cte": {
        "mean": 0.35738013163968885,
        "std_dev": 0.2188545543821727,
        "min": 0.0007888829939280133,
        "max": 0.8146339243700306,
        "rmse": 0.41906786379370675
    },
    "headingerror": {
        "mean": 1.3163079039494305,
        "std_dev": 0.9683228755008572,
        "min": 0.0012286651569581863,
        "max": 4.477007004276842,
        "rmse": 1.6341100603135617
    }
}