{
    "velocity": {
        "mean": 5.403535884160603,
        "std_dev": 5.4946038413876055,
        "min": -0.3249592569630512,
        "max": 10.98017234075117
    },
    "acceleration_x": {
        "mean": 0.010811216880753429,
        "std_dev": 0.1268892236643906,
        "min": -2.003199079396723,
        "max": 1.5514856472423202,
        "rolling_mean_exceed_count": 0
    },
    "acceleration_y": {
        "mean": -0.3098430480677537,
        "std_dev": 1.0437359142466878,
        "min": -7.763428895076073,
        "max": 2.4687963547600047
    },
    "jerk_x": {
        "mean": 0.05153349942891737,
        "std_dev": 12.528559018863238,
        "min": -165.92164995261388,
        "max": 227.67462018686933,
        "rolling_mean_exceed_count": 0
    },
    "jerk_y": {
        "mean": -0.0142226736576773,
        "std_dev": 22.51259830906268,
        "min": -419.19773885429777,
        "max": 526.9335453728291,
        "rolling_mean_exceed_count": 223
    },
    "roll": {
        "mean": -0.19939084071582663,
        "std_dev": 0.8940781643055836,
        "min": -2.697979843021778,
        "max": 3.4563311472948475
    },
    "pitch": {
        "mean": -0.9208664272624325,
        "std_dev": 0.14249220954020045,
        "min": -1.6359765694541215,
        "max": -0.028572122022041447
    },
    "cte": {
        "mean": 0.2196585541884095,
        "std_dev": 0.26218903320808484,
        "min": 0.000253858929095346,
        "max": 2.985393872085854,
        "rmse": 0.3420423505397141
    },
    "headingerror": {
        "mean": 1.2123298198656534,
        "std_dev": 2.1993307745094355,
        "min": 9.583283211611615e-05,
        "max": 34.10229818549482,
        "rmse": 2.5113341967646923
    }
}