{
    "velocity": {
        "mean": 5.389391711577007,
        "std_dev": 5.5168541490342955,
        "min": -0.18384476767232838,
        "max": 10.954251925377685
    },
    "acceleration_x": {
        "mean": 0.004986299522753861,
        "std_dev": 0.11684301804515182,
        "min": -1.4960806012752579,
        "max": 1.0240889711523888,
        "rolling_mean_exceed_count": 0
    },
    "acceleration_y": {
        "mean": 0.15974610597173095,
        "std_dev": 0.41954826246796234,
        "min": -1.6794434275865064,
        "max": 1.4818796972713966
    },
    "jerk_x": {
        "mean": 0.011517203271291238,
        "std_dev": 15.211771641415655,
        "min": -165.92164995261388,
        "max": 161.89959729360996,
        "rolling_mean_exceed_count": 0
    },
    "jerk_y": {
        "mean": -0.07562987192778299,
        "std_dev": 21.933745608031206,
        "min": -253.55699915064176,
        "max": 166.67858956214678,
        "rolling_mean_exceed_count": 0
    },
    "roll": {
        "mean": -0.0654058725812395,
        "std_dev": 0.5690506224845409,
        "min": -1.259740380950381,
        "max": 0.9234317967567972
    },
    "pitch": {
        "mean": -0.9339761643797092,
        "std_dev": 0.16455305491673503,
        "min": -1.5250007169620141,
        "max": -0.028572122022041447
    },
    "cte": {
        "mean": 0.15479710572103214,
        "std_dev": 0.11402169527677969,
        "min": 0.00032388564790193603,
        "max": 0.4954271845930256,
        "rmse": 0.19225787612838965
    },
    "headingerror": {
        "mean": 0.6082851644325089,
        "std_dev": 0.50776143699753,
        "min": 0.005016658889573478,
        "max": 2.261470675002741,
        "rmse": 0.7923588316984174
    }
}