{
    "velocity": {
        "mean": 5.430021143173648,
        "std_dev": 5.517953087317007,
        "min": -0.13902619392897636,
        "max": 10.975349858325515
    },
    "acceleration_x": {
        "mean": 0.004181227695284096,
        "std_dev": 0.06874424174960034,
        "min": -0.3383684182532671,
        "max": 0.3530136975937973
    },
    "acceleration_y": {
        "mean": -0.008974456169444306,
        "std_dev": 0.42994219566612657,
        "min": -1.1089439993103185,
        "max": 1.3350869663524951
    },
    "jerk_x": {
        "mean": 0.04841975020683138,
        "std_dev": 10.316644547746685,
        "min": -66.1051787638978,
        "max": 89.23229663656956,
        "rolling_mean_exceed_count": 0
    },
    "jerk_y": {
        "mean": 0.05222682282709653,
        "std_dev": 19.651728153704195,
        "min": -160.1298455089476,
        "max": 186.5762132551331,
        "rolling_mean_exceed_count": 18
    },
    "roll": {
        "mean": -0.3757213765734645,
        "std_dev": 0.6179952086432773,
        "min": -1.6945837567097117,
        "max": 0.5752865315995876
    },
    "pitch": {
        "mean": -0.909550903384914,
        "std_dev": 0.09042481611289035,
        "min": -1.525818840016021,
        "max": -0.5284490555676918
    },
    "cte": {
        "mean": 0.16180574353804256,
        "std_dev": 0.15235178296166474,
        "min": 0.000253858929095346,
        "max": 0.6440645014871628,
        "rmse": 0.2222434800247175
    },
    "headingerror": {
        "mean": 1.0192767782015046,
        "std_dev": 1.0570437919667344,
        "min": 9.583283211611615e-05,
        "max": 5.048064375205627,
        "rmse": 1.4684232117193776
    }
}