{
    "velocity": {
        "mean": 5.389408733296502,
        "std_dev": 5.516880511072539,
        "min": -0.18384476767232838,
        "max": 10.954251925377685
    },
    "acceleration_x": {
        "mean": 0.004936303889553124,
        "std_dev": 0.11707462926722571,
        "min": -1.4960806012752579,
        "max": 1.0240889711523888
    },
    "acceleration_y": {
        "mean": 0.15890938188759451,
        "std_dev": 0.42036982955705254,
        "min": -1.6794434275865064,
        "max": 1.4818796972713966
    },
    "jerk_x": {
        "mean": 0.005326583898625442,
        "std_dev": 15.243588713130068,
        "min": -165.92164995261388,
        "max": 161.89959729360996,
        "rolling_mean_exceed_count": 0
    },
    "jerk_y": {
        "mean": -0.08596060763624148,
        "std_dev": 21.980735347081765,
        "min": -253.55699915064176,
        "max": 166.67858956214678,
        "rolling_mean_exceed_count": 0
    },
    "roll": {
        "mean": -0.06365326129562844,
        "std_dev": 0.5692000476917988,
        "min": -1.259740380950381,
        "max": 0.9234317967567972
    },
    "pitch": {
        "mean": -0.9344572783798459,
        "std_dev": 0.16461347405142276,
        "min": -1.5250007169620141,
        "max": -0.028572122022041447
    },
    "cte": {
        "mean": 0.15540838307459298,
        "std_dev": 0.11414654681866171,
        "min": 0.00032388564790193603,
        "max": 0.4954271845930256,
        "rmse": 0.19282427150253767
    },
    "headingerror": {
        "mean": 0.6091486454263567,
        "std_dev": 0.5087627939013746,
        "min": 0.005016658889573478,
        "max": 2.261470675002741,
        "rmse": 0.7936634379150256
    }
}