{
    "velocity": {
        "mean": 5.384303712705004,
        "std_dev": 5.525721215064413,
        "min": -0.18384476767232838,
        "max": 10.954251925377685
    },
    "acceleration_x": {
        "mean": 0.008866542234465194,
        "std_dev": 0.13815550947596286,
        "min": -1.4960806012752579,
        "max": 1.0240889711523888
    },
    "acceleration_y": {
        "mean": 0.2822112057513797,
        "std_dev": 0.5450398560909273,
        "min": -0.9237488386891745,
        "max": 1.4818796972713966
    },
    "roll": {
        "mean": -0.145652808389178,
        "std_dev": 0.6641055821839625,
        "min": -1.259740380950381,
        "max": 0.9234317967567972
    },
    "cte": {
        "mean": 0.22767464856653483,
        "std_dev": 0.1345287460274026,
        "min": 0.00032388564790193603,
        "max": 0.4954271845930256,
        "rmse": 0.26444986123573694
    },
    "headingerror": {
        "mean": 0.971870589452819,
        "std_dev": 0.5479653703610666,
        "min": 0.013289429909463024,
        "max": 2.261470675002741,
        "rmse": 1.1157053776684556
    }
}