{
    "velocity": {
        "mean": 5.412113918948778,
        "std_dev": 5.486578203422653,
        "min": -0.13567303256334978,
        "max": 10.959369744019373
    },
    "acceleration_x": {
        "mean": -0.013919540109120752,
        "std_dev": 0.09297338478386076,
        "min": -0.47231642245980376,
        "max": 0.462993491238299
    },
    "acceleration_y": {
        "mean": -1.1174721742742728,
        "std_dev": 0.8624956303394888,
        "min": -2.9684029887072545,
        "max": 0.4272758852489638
    },
    "jerk_x": {
        "mean": 0.021023671672452587,
        "std_dev": 11.59032148914285,
        "min": -95.53974210788755,
        "max": 87.75534796961327,
        "rolling_mean_exceed_count": 0
    },
    "jerk_y": {
        "mean": -0.21129861072074513,
        "std_dev": 23.054331903013747,
        "min": -329.933977780428,
        "max": 310.16353903038964,
        "rolling_mean_exceed_count": 3
    },
    "roll": {
        "mean": 0.2941113307844982,
        "std_dev": 1.4532742592724748,
        "min": -1.8904259244601598,
        "max": 3.4563311472948475
    },
    "pitch": {
        "mean": -0.9049843546289953,
        "std_dev": 0.19062921340042518,
        "min": -1.6359765694541215,
        "max": -0.29248528433006643
    },
    "cte": {
        "mean": 0.22475703125089866,
        "std_dev": 0.17691588568245908,
        "min": 0.00027986095818935094,
        "max": 0.9773573923163581,
        "rmse": 0.2860331339259953
    },
    "headingerror": {
        "mean": 1.2310468693733094,
        "std_dev": 1.6253551969747306,
        "min": 0.0012415204313498407,
        "max": 12.439237723432882,
        "rmse": 2.038934994286623
    }
}