{
    "velocity": {
        "mean": 5.417488042149956,
        "std_dev": 5.402077674141518,
        "min": -0.3249592569630512,
        "max": 10.941819791508028
    },
    "acceleration_x": {
        "mean": 0.019671195437989137,
        "std_dev": 0.16470253310560246,
        "min": -0.5428090807816143,
        "max": 0.6303319946965857,
        "rolling_mean_exceed_count": 0
    },
    "acceleration_y": {
        "mean": -2.2436930338440617,
        "std_dev": 2.097065122576036,
        "min": -7.763428895076073,
        "max": 1.7841831588985135
    },
    "jerk_x": {
        "mean": 0.09485116634034693,
        "std_dev": 16.1134025904126,
        "min": -94.57586621429283,
        "max": 130.8044984921206,
        "rolling_mean_exceed_count": 0
    },
    "jerk_y": {
        "mean": 0.5434076311464499,
        "std_dev": 35.10191200035291,
        "min": -212.83294300636817,
        "max": 227.46333493835513,
        "rolling_mean_exceed_count": 149
    },
    "roll": {
        "mean": -0.6209376183953818,
        "std_dev": 0.8800611820235311,
        "min": -2.697979843021778,
        "max": 1.2089311922982129
    },
    "pitch": {
        "mean": -0.9261804429829238,
        "std_dev": 0.17889077566053013,
        "min": -1.3671302798399956,
        "max": -0.3860126596245589
    },
    "cte": {
        "mean": 0.78399187200567,
        "std_dev": 0.7602087964854651,
        "min": 0.019822150713754157,
        "max": 2.985393872085854,
        "rmse": 1.0920442617517083
    },
    "headingerror": {
        "mean": 6.86139269946678,
        "std_dev": 7.140667498659735,
        "min": 0.0237271532214427,
        "max": 34.10229818549482,
        "rmse": 9.902920887430712
    }
}