{
    "velocity": {
        "mean": 5.266284077661238,
        "std_dev": 5.354057046447627,
        "min": -0.1548125079435359,
        "max": 10.69314155999177
    },
    "acceleration_x": {
        "mean": -0.022686938617973683,
        "std_dev": 0.13172391570530895,
        "min": -0.8072130537639666,
        "max": 0.4577251153806521
    },
    "acceleration_y": {
        "mean": -1.0646167611418285,
        "std_dev": 0.8291469291585746,
        "min": -3.210396099919574,
        "max": 0.42409038132186266
    },
    "jerk_x": {
        "mean": -0.01156431505553862,
        "std_dev": 11.970066434867052,
        "min": -108.14151804118754,
        "max": 91.4847990700029,
        "rolling_mean_exceed_count": 0
    },
    "jerk_y": {
        "mean": -0.13535032002228115,
        "std_dev": 22.469231616503365,
        "min": -203.21454906286436,
        "max": 190.87282460581767,
        "rolling_mean_exceed_count": 0
    },
    "roll": {
        "mean": 0.5928960176094172,
        "std_dev": 1.4940271414752804,
        "min": -1.6626298609432595,
        "max": 3.9149282658352065
    },
    "pitch": {
        "mean": -1.021469500598336,
        "std_dev": 0.1879635536794582,
        "min": -1.6528879925498543,
        "max": -0.33042358258994614
    },
    "cte": {
        "mean": 0.20685700109912336,
        "std_dev": 0.16160865048539116,
        "min": 0.0016405522110005686,
        "max": 0.9181376558996415,
        "rmse": 0.2625017615472933
    },
    "headingerror": {
        "mean": 1.1973432894870668,
        "std_dev": 1.6123399517005896,
        "min": 0.0012207489779711977,
        "max": 12.33626214850645,
        "rmse": 2.008300543427096
    }
}