{
    "velocity": {
        "mean": 5.255867826222733,
        "std_dev": 5.377056848430999,
        "min": -0.1655688989646062,
        "max": 10.664729828367502
    },
    "acceleration_x": {
        "mean": 0.002754371078169578,
        "std_dev": 0.07171888338579958,
        "min": -0.4900220933566913,
        "max": 0.30519446317660054
    },
    "acceleration_y": {
        "mean": -0.009906577611565782,
        "std_dev": 0.41161315022454054,
        "min": -1.1970506375349614,
        "max": 1.183480683309832
    },
    "jerk_x": {
        "mean": 0.0017554518042506757,
        "std_dev": 10.554047751160923,
        "min": -72.80532671891504,
        "max": 84.67467924058468,
        "rolling_mean_exceed_count": 0
    },
    "jerk_y": {
        "mean": 0.06628228593092624,
        "std_dev": 19.160881949851333,
        "min": -107.39578016132153,
        "max": 139.9197045850145,
        "rolling_mean_exceed_count": 2
    },
    "roll": {
        "mean": -0.04133290723472125,
        "std_dev": 0.6301265061327269,
        "min": -1.3752086196073308,
        "max": 0.9398955669844801
    },
    "pitch": {
        "mean": -1.0307377885953166,
        "std_dev": 0.09545886905282122,
        "min": -1.686436803297684,
        "max": -0.6659122471886944
    },
    "cte": {
        "mean": 0.16750898544534668,
        "std_dev": 0.14968078822330455,
        "min": 0.0010765455072995677,
        "max": 0.6530600463471331,
        "rmse": 0.224641043818976
    },
    "headingerror": {
        "mean": 0.9990228588983686,
        "std_dev": 1.0382369662258732,
        "min": 0.0002952734764960496,
        "max": 4.88187043457674,
        "rmse": 1.4408270786736954
    }
}