{
    "velocity": {
        "mean": 4.26903300477875,
        "std_dev": 4.521347775326909,
        "min": -0.11767939158219774,
        "max": 10.650641929309947
    },
    "acceleration_x": {
        "mean": -0.008955824003066486,
        "std_dev": 1.5217238902949122,
        "min": -4.303145557610966,
        "max": 1.4899739052728218,
        "rolling_mean_exceed_count": 0
    },
    "acceleration_y": {
        "mean": -1.2357502264455218,
        "std_dev": 1.3333398635890554,
        "min": -4.896083511700776,
        "max": 0.9241478570026377
    },
    "jerk_x": {
        "mean": 0.12900175067621983,
        "std_dev": 15.642243431034089,
        "min": -138.39212241887373,
        "max": 110.22519201444257,
        "rolling_mean_exceed_count": 49
    },
    "jerk_y": {
        "mean": -0.16460945781866215,
        "std_dev": 27.14508994400832,
        "min": -173.28461300236003,
        "max": 114.52390193522032,
        "rolling_mean_exceed_count": 30
    },
    "roll": {
        "mean": -0.3073831715382485,
        "std_dev": 0.6028408181234068,
        "min": -1.4638368217265507,
        "max": 0.5988320518055776
    },
    "pitch": {
        "mean": -1.0022812522809297,
        "std_dev": 0.31535172483474905,
        "min": -1.8218010883319276,
        "max": -0.44791091534366895
    },
    "cte": {
        "mean": 0.5747285019726079,
        "std_dev": 0.46012312658680127,
        "min": 0.006102005480873416,
        "max": 1.7448103642830721,
        "rmse": 0.7362242474950764
    },
    "headingerror": {
        "mean": 6.98910595197338,
        "std_dev": 6.8478110165126465,
        "min": 0.07853056187688878,
        "max": 26.87026713450971,
        "rmse": 9.784687921736783
    }
}