{
    "velocity": {
        "mean": 3.610091409212195,
        "std_dev": 4.714512683022474,
        "min": -0.14590389737909507,
        "max": 10.656636260449824
    },
    "acceleration_x": {
        "mean": 0.015135983245213733,
        "std_dev": 0.7910710095920447,
        "min": -1.9218329498722495,
        "max": 2.065073693849442
    },
    "acceleration_y": {
        "mean": 0.06776487359954386,
        "std_dev": 0.24468682497311087,
        "min": -1.3318807771895762,
        "max": 1.9538178111966742
    },
    "jerk_x": {
        "mean": 0.006942453623109892,
        "std_dev": 12.031912243977967,
        "min": -168.81813651647474,
        "max": 164.38667298016432,
        "rolling_mean_exceed_count": 0
    },
    "jerk_y": {
        "mean": 0.058699134393209215,
        "std_dev": 17.60115269100339,
        "min": -187.53431254052046,
        "max": 201.20240847821415,
        "rolling_mean_exceed_count": 3
    },
    "roll": {
        "mean": -0.07981928517326248,
        "std_dev": 0.5871497133446882,
        "min": -0.9408201503856626,
        "max": 1.209593368867487
    },
    "pitch": {
        "mean": -1.022653290323829,
        "std_dev": 0.2222450176390814,
        "min": -1.5949683205466525,
        "max": -0.01255334410136512
    },
    "cte": {
        "mean": 0.07596109559286471,
        "std_dev": 0.05947640114039096,
        "min": 9.675155927251687e-06,
        "max": 0.32431245173744827,
        "rmse": 0.09647554268456349
    },
    "headingerror": {
        "mean": 0.3985939809871549,
        "std_dev": 0.3825979911551386,
        "min": 0.00016196421962888508,
        "max": 2.4182984486165537,
        "rmse": 0.552501931684529
    }
}