{
    "velocity": {
        "mean": 3.612220420788216,
        "std_dev": 4.715658434684305,
        "min": -0.14590389737909507,
        "max": 10.656636260449824
    },
    "acceleration_x": {
        "mean": 0.01491793097576822,
        "std_dev": 0.7905779695475692,
        "min": -1.9218329498722495,
        "max": 2.065073693849442,
        "rolling_mean_exceed_count": 0
    },
    "acceleration_y": {
        "mean": 0.06815066233529493,
        "std_dev": 0.2447511538820162,
        "min": -1.3318807771895762,
        "max": 1.9538178111966742
    },
    "jerk_x": {
        "mean": 0.004361465269483343,
        "std_dev": 12.027518404428283,
        "min": -168.81813651647474,
        "max": 164.38667298016432,
        "rolling_mean_exceed_count": 0
    },
    "jerk_y": {
        "mean": 0.057246997514223644,
        "std_dev": 17.594088012781857,
        "min": -187.53431254052046,
        "max": 201.20240847821415,
        "rolling_mean_exceed_count": 3
    },
    "roll": {
        "mean": -0.07986901757950916,
        "std_dev": 0.5870179233816023,
        "min": -0.9408201503856626,
        "max": 1.209593368867487
    },
    "pitch": {
        "mean": -1.022601573766,
        "std_dev": 0.22223179460014908,
        "min": -1.5949683205466525,
        "max": -0.01255334410136512
    },
    "cte": {
        "mean": 0.07586065943547399,
        "std_dev": 0.05945477831298182,
        "min": 9.675155927251687e-06,
        "max": 0.32431245173744827,
        "rmse": 0.09638314330955793
    },
    "headingerror": {
        "mean": 0.3982370866176267,
        "std_dev": 0.382404344781483,
        "min": 0.00016196421962888508,
        "max": 2.4182984486165537,
        "rmse": 0.5521103694601746
    }
}