{
    "velocity": {
        "mean": 5.262925568012491,
        "std_dev": 5.354606807494255,
        "min": -0.15526791884646543,
        "max": 10.670819002618614
    },
    "acceleration_x": {
        "mean": 0.0064372829236571776,
        "std_dev": 0.08303810707109427,
        "min": -0.5937348647240518,
        "max": 0.7068999378947344
    },
    "acceleration_y": {
        "mean": -0.02328081516598656,
        "std_dev": 1.4523364232483018,
        "min": -4.064062295620926,
        "max": 2.2108416228847534
    },
    "jerk_x": {
        "mean": -0.010327219148401285,
        "std_dev": 10.661661528106912,
        "min": -97.67732981993751,
        "max": 99.61555698091412,
        "rolling_mean_exceed_count": 0
    },
    "jerk_y": {
        "mean": -0.03202635239644192,
        "std_dev": 22.09276894806046,
        "min": -230.2608132950569,
        "max": 345.00144602631354,
        "rolling_mean_exceed_count": 66
    },
    "roll": {
        "mean": -0.14243080632956945,
        "std_dev": 0.2918070810253963,
        "min": -0.8490912165748641,
        "max": 0.6390938693118617
    },
    "pitch": {
        "mean": -1.0386566240486157,
        "std_dev": 0.13711099123549744,
        "min": -1.5903171281050281,
        "max": -0.6774806966532023
    },
    "cte": {
        "mean": 0.3395275412698771,
        "std_dev": 0.209596705187884,
        "min": 9.675155927251687e-06,
        "max": 0.7280877492710971,
        "rmse": 0.3990109398329636
    },
    "headingerror": {
        "mean": 1.3696483528740595,
        "std_dev": 0.9848079006683164,
        "min": 0.006401080173191076,
        "max": 4.168251747100072,
        "rmse": 1.6869449344152763
    }
}