{
    "velocity": {
        "mean": 2.626408390412322,
        "std_dev": 3.990358505679367,
        "min": -0.14590389737909507,
        "max": 10.656636260449824
    },
    "acceleration_x": {
        "mean": 0.05496936458257978,
        "std_dev": 0.9875502230594683,
        "min": -1.9218329498722495,
        "max": 2.065073693849442
    },
    "acceleration_y": {
        "mean": 0.07569707866548113,
        "std_dev": 0.2553766236391288,
        "min": -0.7407132232878275,
        "max": 1.2336403714656068
    },
    "roll": {
        "mean": -0.2563399371701714,
        "std_dev": 0.5764385086961918,
        "min": -0.9408201503856626,
        "max": 1.209593368867487
    },
    "cte": {
        "mean": 0.08884691433846124,
        "std_dev": 0.06878811063108523,
        "min": 0.002349922603035851,
        "max": 0.32431245173744827,
        "rmse": 0.11236359887285689
    },
    "headingerror": {
        "mean": 0.5573502567260145,
        "std_dev": 0.39726677970297747,
        "min": 0.0020893221460198674,
        "max": 2.4182984486165537,
        "rmse": 0.6844415263031081
    }
}