{
    "velocity": {
        "mean": 4.720597165480125,
        "std_dev": 5.173362151552499,
        "min": -0.1655688989646062,
        "max": 10.69764997596859
    },
    "acceleration_x": {
        "mean": 0.01881797389078517,
        "std_dev": 0.5797644873410822,
        "min": -4.303145557610966,
        "max": 2.065073693849442,
        "rolling_mean_exceed_count": 0
    },
    "acceleration_y": {
        "mean": -0.3008224499761467,
        "std_dev": 0.8811728137462767,
        "min": -4.896083511700776,
        "max": 2.2108416228847534
    },
    "jerk_x": {
        "mean": 0.003399950755616298,
        "std_dev": 12.155657340824986,
        "min": -217.04504471855094,
        "max": 241.5027414678078,
        "rolling_mean_exceed_count": 49
    },
    "jerk_y": {
        "mean": 0.015041898712217013,
        "std_dev": 20.290588970336326,
        "min": -230.2608132950569,
        "max": 345.00144602631354,
        "rolling_mean_exceed_count": 125
    },
    "roll": {
        "mean": 0.042772290075976986,
        "std_dev": 0.8440812595208423,
        "min": -1.6626298609432595,
        "max": 3.9149282658352065
    },
    "pitch": {
        "mean": -1.0240322122458068,
        "std_dev": 0.18535375518694852,
        "min": -1.8218010883319276,
        "max": -0.01255334410136512
    },
    "cte": {
        "mean": 0.20417494783625775,
        "std_dev": 0.2602903902597168,
        "min": 9.675155927251687e-06,
        "max": 1.9803426211245003,
        "rmse": 0.3308148977683657
    },
    "headingerror": {
        "mean": 1.149113321206858,
        "std_dev": 2.2319825255401438,
        "min": 9.321930685501911e-05,
        "max": 26.87026713450971,
        "rmse": 2.5104197695388746
    }
}