{
    "velocity": {
        "rms": 5.4308140814930645,
        "std_dev": 4.498173461901746,
        "min": -0.151472259287,
        "max": 10.63424347004346
    },
    "acceleration_x": {
        "RMS": 1.0247237862070042,
        "std_dev": 1.0089376099470977,
        "min": -3.4062617833703266,
        "max": 1.516457882540562,
        "rolling_mean_exceed_count": 0
    },
    "acceleration_y": {
        "RMS": 0.0847476323932641,
        "std_dev": 0.08465470864140583,
        "min": -0.36694325295521807,
        "max": 0.5219524457971797
    },
    "jerk_x": {
        "RMS": 7.937716200072545,
        "std_dev": 7.937669876292418,
        "min": -78.23922361016893,
        "max": 72.47494975896979,
        "rolling_mean_exceed_count": 0
    },
    "jerk_y": {
        "RMS": 12.207248559277321,
        "std_dev": 12.206917280082097,
        "min": -115.30567994354904,
        "max": 89.91265233858645,
        "rolling_mean_exceed_count": 0
    },
    "roll": {
        "rms": 0.17998642538477994,
        "std_dev": 0.10826989901957162,
        "min": 0.009603785241425166,
        "max": 0.3827263884557103
    },
    "pitch": {
        "rms": 1.1842504827133433,
        "std_dev": 0.24368002550384307,
        "min": -1.737749351103662,
        "max": -0.6423613130820781
    },
    "cte": {
        "mean": 6.638628224462155,
        "std_dev": 1.1306881923232615,
        "min": 5.348860439361225,
        "max": 10.385946979167963,
        "rmse": 6.734229019782799
    },
    "headingerror": {
        "mean": 4.859353725365099,
        "std_dev": 4.252561867298963,
        "min": 0.008173075808258545,
        "max": 11.274366957439398,
        "rmse": 6.457367967169358
    }
}