{
    "velocity": {
        "rms": 5.611834538183598,
        "std_dev": 4.171916781230733,
        "min": -0.164822389179802,
        "max": 10.644728243090285
    },
    "acceleration_x": {
        "RMS": 1.03439531354919,
        "std_dev": 1.0335071220620968,
        "min": -5.10001594360285,
        "max": 1.5086072872545786,
        "rolling_mean_exceed_count": 0
    },
    "acceleration_y": {
        "RMS": 0.09950763444361142,
        "std_dev": 0.09950591586146884,
        "min": -0.4553843201609133,
        "max": 0.525244153865344
    },
    "jerk_x": {
        "RMS": 12.785063921527408,
        "std_dev": 12.784966385608712,
        "min": -272.0112909512901,
        "max": 271.4131085905058,
        "rolling_mean_exceed_count": 3
    },
    "jerk_y": {
        "RMS": 12.618397875564535,
        "std_dev": 12.618397128687173,
        "min": -131.4169839043486,
        "max": 169.15901416539583,
        "rolling_mean_exceed_count": 0
    },
    "roll": {
        "rms": 0.19822246571949248,
        "std_dev": 0.1126978929306182,
        "min": -0.11611442141027965,
        "max": 0.43031469488430735
    },
    "pitch": {
        "rms": 1.1300494207672007,
        "std_dev": 0.2378269472644449,
        "min": -2.076124250524543,
        "max": -0.6686112123763303
    },
    "cte": {
        "mean": 4.49018828716622,
        "std_dev": 2.473488197826493,
        "min": 0.0018144121540943049,
        "max": 10.441523553385082,
        "rmse": 5.12639588004981
    },
    "headingerror": {
        "mean": 2.0267107043704407,
        "std_dev": 3.0410169370715003,
        "min": 0.00048433102129763483,
        "max": 12.60293750271454,
        "rmse": 3.6544959010464706
    }
}