{
    "velocity": {
        "rms": 6.5523147212938655,
        "std_dev": 4.75948763328497,
        "min": -0.10368312448954156,
        "max": 10.654736156541082
    },
    "acceleration_x": {
        "RMS": 1.020204530862055,
        "std_dev": 0.9949207295182019,
        "min": -4.618203967476639,
        "max": 1.5804957257488992,
        "rolling_mean_exceed_count": 0
    },
    "acceleration_y": {
        "RMS": 0.11350225462391564,
        "std_dev": 0.1134575193745799,
        "min": -0.4417684991326807,
        "max": 0.6176840694547339
    },
    "jerk_x": {
        "RMS": 11.01912586064698,
        "std_dev": 11.018038168460999,
        "min": -249.4402921633752,
        "max": 69.21708878003155,
        "rolling_mean_exceed_count": 0
    },
    "jerk_y": {
        "RMS": 12.049585990670156,
        "std_dev": 12.049476884069065,
        "min": -100.39997190580306,
        "max": 94.95030291953375,
        "rolling_mean_exceed_count": 0
    },
    "roll": {
        "rms": 0.17786756462096157,
        "std_dev": 0.09739371021317648,
        "min": -0.08974801358482117,
        "max": 0.35899476065313657
    },
    "pitch": {
        "rms": 1.05023004159857,
        "std_dev": 0.23178254215114544,
        "min": -1.938806635819247,
        "max": -0.5482584963998778
    },
    "cte": {
        "mean": 6.226822563241089,
        "std_dev": 1.8313911838949826,
        "min": 3.4544760127708125,
        "max": 10.416754625108222,
        "rmse": 6.490555669781795
    },
    "headingerror": {
        "mean": 2.303935307999918,
        "std_dev": 3.400116319291189,
        "min": 0.0011010657928665069,
        "max": 11.329542442412631,
        "rmse": 4.107177727851442
    }
}