{
    "velocity": {
        "mean": 3.743210281894104,
        "std_dev": 3.9955343765483784,
        "min": -0.11841897284191545,
        "max": 10.657054757078987
    },
    "acceleration_x": {
        "mean": 0.022170031928952637,
        "std_dev": 0.5697686235196004,
        "min": -2.544878834553611,
        "max": 1.5242463608361294
    },
    "acceleration_y": {
        "mean": 0.0007375208941043043,
        "std_dev": 0.10466812869615766,
        "min": -0.3885236351380163,
        "max": 0.644280526730173
    },
    "jerk_x": {
        "mean": -0.08340390596919509,
        "std_dev": 8.034923956162356,
        "min": -63.60155982075907,
        "max": 65.49308570397417,
        "rolling_mean_exceed_count": 0
    },
    "jerk_y": {
        "mean": 0.03995192715488191,
        "std_dev": 12.227328825413107,
        "min": -119.82624110828881,
        "max": 112.15190651717016,
        "rolling_mean_exceed_count": 0
    },
    "roll": {
        "mean": 0.14310007769050104,
        "std_dev": 0.11359261928955007,
        "min": -0.1244139235565948,
        "max": 0.47676213347853125
    },
    "pitch": {
        "mean": -1.1069610970339212,
        "std_dev": 0.15916655963234091,
        "min": -1.7909208852857128,
        "max": -0.6799448481673817
    },
    "cte": {
        "mean": 4.18472559588348,
        "std_dev": 2.4145944058196545,
        "min": 8.40989204444424e-05,
        "max": 10.411436138499033,
        "rmse": 4.831376041818513
    },
    "headingerror": {
        "mean": 2.127929073426345,
        "std_dev": 3.218312326862399,
        "min": 1.2700763107886814e-06,
        "max": 12.801364443612002,
        "rmse": 3.85818822438299
    }
}