{
    "velocity": {
        "rms": 7.173692395090146,
        "std_dev": 5.17347156467482,
        "min": -0.1592502178107569,
        "max": 10.643128245880932
    },
    "acceleration_x": {
        "RMS": 0.5693062764666993,
        "std_dev": 0.5121098568212065,
        "min": -0.7828880569615023,
        "max": 1.5149229299627416,
        "rolling_mean_exceed_count": 0
    },
    "acceleration_y": {
        "RMS": 0.11289882243613543,
        "std_dev": 0.11288423257097824,
        "min": -0.4372052966902778,
        "max": 0.5904602791600384
    },
    "jerk_x": {
        "RMS": 9.401675318894794,
        "std_dev": 9.401638112358578,
        "min": -70.3675315106765,
        "max": 72.70165006820395,
        "rolling_mean_exceed_count": 0
    },
    "jerk_y": {
        "RMS": 13.950676493784853,
        "std_dev": 13.950640299294209,
        "min": -82.03177050399056,
        "max": 130.5194755187996,
        "rolling_mean_exceed_count": 0
    },
    "roll": {
        "rms": 0.20903016588546866,
        "std_dev": 0.10425575378304955,
        "min": -0.09047281374403551,
        "max": 0.3878246879603182
    },
    "pitch": {
        "rms": 1.0405834009693788,
        "std_dev": 0.14391174804333542,
        "min": -1.4197336447725024,
        "max": -0.6667140636480341
    },
    "cte": {
        "mean": 6.285694505080528,
        "std_dev": 1.8098794024862535,
        "min": 3.416872744343763,
        "max": 10.389349372755191,
        "rmse": 6.541071690689802
    },
    "headingerror": {
        "mean": 2.221711429931768,
        "std_dev": 3.2266593153596244,
        "min": 0.004270154806320647,
        "max": 11.163316522535425,
        "rmse": 3.9175671041204256
    }
}