{
    "velocity": {
        "mean": 4.284720160241611,
        "std_dev": 4.685532546216002,
        "min": -0.1575522800166998,
        "max": 10.650849451181653
    },
    "acceleration_x": {
        "mean": 0.22344234930020204,
        "std_dev": 1.1183591426230102,
        "min": -4.530363956881885,
        "max": 1.6060005689762977
    },
    "acceleration_y": {
        "mean": 0.008886903925782907,
        "std_dev": 0.1040979565603497,
        "min": -0.3763107991054089,
        "max": 0.4864775889595461
    },
    "jerk_x": {
        "mean": -0.03808008163360121,
        "std_dev": 9.427730920430482,
        "min": -85.21419890675705,
        "max": 83.07885967772286,
        "rolling_mean_exceed_count": 124
    },
    "jerk_y": {
        "mean": -0.008656988155118228,
        "std_dev": 12.633676194727563,
        "min": -116.06668286144583,
        "max": 129.67274632333226,
        "rolling_mean_exceed_count": 0
    },
    "roll": {
        "mean": 0.1564624644809215,
        "std_dev": 0.10968111192473502,
        "min": -0.0575665207224705,
        "max": 0.3559698341466642
    },
    "pitch": {
        "mean": -1.0271764744894256,
        "std_dev": 0.27284309014600433,
        "min": -1.9004779073770084,
        "max": -0.5547714028055439
    },
    "cte": {
        "mean": 5.964877174641673,
        "std_dev": 2.0647593329885336,
        "min": 0.4157736710482972,
        "max": 10.569630644098195,
        "rmse": 6.31213044951738
    },
    "headingerror": {
        "mean": 2.919466532459782,
        "std_dev": 3.580749624356138,
        "min": 0.009743047047379605,
        "max": 11.813226275547535,
        "rmse": 4.620070638689344
    }
}