{
    "velocity": {
        "rms": 6.54375659094696,
        "std_dev": 4.854451916020849,
        "min": -0.15248446369157329,
        "max": 10.648351045596092
    },
    "acceleration_x": {
        "RMS": 1.2596066874672462,
        "std_dev": 1.2448994092579102,
        "min": -3.110377435412698,
        "max": 1.5207935960209908,
        "rolling_mean_exceed_count": 0
    },
    "acceleration_y": {
        "RMS": 0.11392736301155265,
        "std_dev": 0.11382448934870146,
        "min": -0.34178825334608803,
        "max": 0.5543925426252219
    },
    "jerk_x": {
        "RMS": 9.0187739035117,
        "std_dev": 9.014972790021158,
        "min": -75.65815026582489,
        "max": 55.38503055208721,
        "rolling_mean_exceed_count": 0
    },
    "jerk_y": {
        "RMS": 12.133095241744881,
        "std_dev": 12.132772399684008,
        "min": -59.20950923727449,
        "max": 74.46914815500409,
        "rolling_mean_exceed_count": 0
    },
    "roll": {
        "rms": 0.22444517718128035,
        "std_dev": 0.07597364810199413,
        "min": 0.023163565468489095,
        "max": 0.4125439235448866
    },
    "pitch": {
        "rms": 1.1667286754982433,
        "std_dev": 0.2793137216447815,
        "min": -1.8437971568170315,
        "max": -0.6788977590423595
    },
    "cte": {
        "mean": 7.295836042351857,
        "std_dev": 0.8490382261664305,
        "min": 6.196966028231649,
        "max": 10.421738245067399,
        "rmse": 7.34507246161481
    },
    "headingerror": {
        "mean": 2.4813175842869652,
        "std_dev": 3.23806375598553,
        "min": 0.008585881550146723,
        "max": 11.146750585040323,
        "rmse": 4.079459993910814
    }
}