{
    "velocity": {
        "rms": 4.818197819510761,
        "std_dev": 4.0646835697537185,
        "min": -0.12857497285615743,
        "max": 10.66875587205777
    },
    "acceleration_x": {
        "RMS": 1.1363702563407594,
        "std_dev": 1.126317752373454,
        "min": -4.964482474884001,
        "max": 1.5671460598137463,
        "rolling_mean_exceed_count": 0
    },
    "acceleration_y": {
        "RMS": 0.08061203888459784,
        "std_dev": 0.08044823552815977,
        "min": -0.3949985161029559,
        "max": 0.4523027599155126
    },
    "jerk_x": {
        "RMS": 8.482515380217043,
        "std_dev": 8.481868861861285,
        "min": -92.1334620312272,
        "max": 91.65576496057558,
        "rolling_mean_exceed_count": 0
    },
    "jerk_y": {
        "RMS": 9.400821644547802,
        "std_dev": 9.400539710494353,
        "min": -97.45473616516095,
        "max": 65.40532726150765,
        "rolling_mean_exceed_count": 0
    },
    "roll": {
        "rms": 0.23703998068979534,
        "std_dev": 0.04256545234224004,
        "min": 0.09483452927948262,
        "max": 0.3882467373057782
    },
    "pitch": {
        "rms": 1.1501557386135708,
        "std_dev": 0.25378258167598233,
        "min": -1.9730019032181032,
        "max": -0.68322162171712
    },
    "cte": {
        "mean": 7.325099560002838,
        "std_dev": 0.6896802848621439,
        "min": 6.892821203393811,
        "max": 10.436008319170945,
        "rmse": 7.357495664917601
    },
    "headingerror": {
        "mean": 1.5422534711266347,
        "std_dev": 2.815043952225656,
        "min": 0.0008494952522539734,
        "max": 11.31608676576515,
        "rmse": 3.209831494356736
    }
}