{
    "CTE": {
        "RMSE": 0.2334792275847455,
        "Mean": -0.17037391097229865,
        "Std Dev": 0.1596410980091676,
        "Min": -1.084166125857686,
        "Max": 0.5733546652621804
    },
    "Heading Error": {
        "RMSE": 1.6481522462462956,
        "Mean": 0.208699949700997,
        "Std Dev": 1.6348853653395736,
        "Min": -3.1792032306185876,
        "Max": 3.071060167759269
    },
    "Longitudinal Velocity": {
        "mean": 5.487980486758573,
        "std": 4.880902764839819,
        "max": 11.571250792995851,
        "min": -0.048138513681274905
    },
    "Lateral Velocity": {
        "mean": -0.04579451705738373,
        "std": 0.04372793317803174,
        "max": 0.055759487336410764,
        "min": -0.2565208016063305
    },
    "Longitudinal Acceleration": {
        "mean": 0.005665033977866972,
        "std": 0.5490861200638226,
        "max": 3.2963313860977164,
        "min": -7.353404395350994,
        "percentile_95": 0.7499507785150713
    },
    "Lateral Acceleration": {
        "mean": -0.0002001921566526223,
        "std": 0.12341408103922683,
        "max": 2.0184168687779915,
        "min": -1.405865068942419,
        "percentile_95": 0.15701698856349106
    },
    "Longitudinal Jerk": {
        "mean": -0.013732129387603667,
        "std": 5.284359970140339,
        "max": 82.88953076972098,
        "min": -77.97311672585892,
        "percentile_95": 6.510950564882214,
        "long_jerk_exceed_count": 7
    },
    "Lateral Jerk": {
        "mean": -0.0049772497757828325,
        "std": 2.7673257263770106,
        "max": 41.35159101103774,
        "min": -28.258813166895248,
        "percentile_95": 3.9227530515020392,
        "lat_jerk_exceed_count": 10
    }
}