{
    "CTE": {
        "RMSE": 0.2099576647890675,
        "Mean": 0.1623790315670852,
        "Std Dev": 0.13309872693235641,
        "Min": 4.38279172875608e-05,
        "Max": 1.0471612802014345
    },
    "Heading Error": {
        "RMSE": 1.798330844251467,
        "Mean": 1.6538323284749832,
        "Std Dev": 0.7062807194573624,
        "Min": 0.0009215195156548738,
        "Max": 3.1789288172758767
    },
    "Longitudinal Velocity": {
        "mean": 4.956485411950809,
        "std": 4.842746833006149,
        "max": 11.55697363496155,
        "min": -0.0435120955256258
    },
    "Lateral Velocity": {
        "mean": -0.03546052784934891,
        "std": 0.03714104637574739,
        "max": 0.12443034577354968,
        "min": -0.21666068264653301
    },
    "Longitudinal Acceleration": {
        "mean": -0.006649889969752088,
        "std": 0.514970179005616,
        "max": 2.6867040414397696,
        "min": -4.091230686200779,
        "percentile_95": 0.7021059970482453
    },
    "Lateral Acceleration": {
        "mean": -9.074262839890269e-06,
        "std": 0.12085828296474396,
        "max": 2.303460333597144,
        "min": -2.034654494721393,
        "percentile_95": 0.14338441611639965
    },
    "Longitudinal Jerk": {
        "mean": -0.0063980082155168224,
        "std": 5.123277313165019,
        "max": 107.91562464647407,
        "min": -78.78695956691728,
        "percentile_95": 6.145082040793332,
        "long_jerk_exceed_count": 26
    },
    "Lateral Jerk": {
        "mean": 0.0011402236384654653,
        "std": 2.7917882188491276,
        "max": 56.517684668780575,
        "min": -38.1164154262461,
        "percentile_95": 3.533677051914859,
        "lat_jerk_exceed_count": 8
    }
}