{
    "Longitudinal Velocity": {
        "RMS": 10.163635505493614,
        "Median": 10.013034036602189,
        "std": 3.9056027659823846,
        "max": 13.381828106138634,
        "min": 0.27820743725789787
    },
    "Longitudinal Acceleration": {
        "RMS": 0.716128676088498,
        "Median": 0.023032848738446247,
        "std": 0.7159627969862806,
        "max": 2.4586369850892655,
        "min": -5.566712531188564,
        "percentile_95": 1.0123470906280383
    },
    "Lateral Acceleration": {
        "RMS": 0.19475734859960236,
        "Median": -0.000359030210238543,
        "std": 0.19477338695286617,
        "max": 1.944305671317435,
        "min": -1.4236094516310698,
        "percentile_95": 0.26085029953109484
    },
    "Longitudinal Jerk": {
        "RMS": 6.436455542006613,
        "std": 6.436923928109379,
        "max": 65.53424636485467,
        "min": -82.0910298268297,
        "percentile_95": 9.319968392929452,
        "long_jerk_exceed_count": 6
    },
    "Lateral Jerk": {
        "RMS": 3.97109621903545,
        "std": 3.9714265175124255,
        "max": 37.36152484197959,
        "min": -38.58542551448372,
        "percentile_95": 5.558943086475673,
        "lat_jerk_exceed_count": 1
    },
    "CTE": {
        "RMSE": 0.375544625142707,
        "Median": 0.05727419524592049,
        "Std Dev": 0.3419754556391891,
        "Min": -0.40145253311542106,
        "Max": 1.2956052859489706,
        "percentile_95": 0.8573723932246606
    },
    "Heading Error": {
        "RMSE": 0.7393680864069386,
        "Median": 0.040228730499123344,
        "Std Dev": 0.7314114302016433,
        "Min": -4.057760102880337,
        "Max": 6.059782415967192,
        "percentile_95": 1.2324129125507222
    }
}