{
    "Longitudinal Velocity": {
        "RMS": 11.784917188598863,
        "Median": 11.247076476024533,
        "std": 4.800893033349268,
        "max": 27.018376238762798,
        "min": 0.2844479962561312
    },
    "Longitudinal Acceleration": {
        "RMS": 1.0828562068270433,
        "Median": 0.053654344020361774,
        "std": 1.0829517416122847,
        "max": 4.794558985613889,
        "min": -5.507781916578622,
        "percentile_95": 1.5531076599643114
    },
    "Lateral Acceleration": {
        "RMS": 0.35692915064273706,
        "Median": -0.004039729374953416,
        "std": 0.35696487694480067,
        "max": 3.1759137097864225,
        "min": -3.545425543219047,
        "percentile_95": 0.5028717273280633
    },
    "Longitudinal Jerk": {
        "RMS": 9.588865190657963,
        "std": 9.589604697704651,
        "max": 75.97907692538298,
        "min": -83.20621740665929,
        "percentile_95": 14.461992909309334,
        "long_jerk_exceed_count": 9
    },
    "Lateral Jerk": {
        "RMS": 6.313549826419558,
        "std": 6.314181096464377,
        "max": 59.68408453395465,
        "min": -55.25269318085244,
        "percentile_95": 8.589690058579885,
        "lat_jerk_exceed_count": 6
    },
    "CTE": {
        "RMSE": 1.5033257436678291,
        "Median": 0.04795589255694743,
        "Std Dev": 1.4931555551775597,
        "Min": -4.192113050581664,
        "Max": 8.602413697482566,
        "percentile_95": 2.4728521940410837
    },
    "Heading Error": {
        "RMSE": 4.281099808714083,
        "Median": 0.2290577255744779,
        "Std Dev": 4.276654695205203,
        "Min": -20.336801305327896,
        "Max": 22.301214622813376,
        "percentile_95": 5.900790015532747
    }
}