{
    "Longitudinal Velocity": {
        "RMS": 11.260960790120247,
        "Median": 10.356960829231145,
        "std": 5.000305518232399,
        "max": 28.36548116142971,
        "min": 0.28396613090443945
    },
    "Longitudinal Acceleration": {
        "RMS": 1.0825773908716858,
        "Median": -0.021265437815678516,
        "std": 1.0826534419245957,
        "max": 4.818435414207941,
        "min": -7.611043252301745,
        "percentile_95": 1.5779119030242756
    },
    "Lateral Acceleration": {
        "RMS": 0.2626475986242112,
        "Median": -9.138058908195235e-05,
        "std": 0.2626732635725642,
        "max": 2.303402304635075,
        "min": -2.203541540551414,
        "percentile_95": 0.37388097464431425
    },
    "Longitudinal Jerk": {
        "RMS": 9.681773928064072,
        "std": 9.682557280151764,
        "max": 79.87657113182608,
        "min": -99.64934713520155,
        "percentile_95": 14.272234342130242,
        "long_jerk_exceed_count": 24
    },
    "Lateral Jerk": {
        "RMS": 4.8067256681338275,
        "std": 4.807199119358588,
        "max": 39.41987830214408,
        "min": -47.20915973806417,
        "percentile_95": 6.788273533360904,
        "lat_jerk_exceed_count": 0
    },
    "CTE": {
        "RMSE": 6.206591981211075,
        "Median": 0.067064020148262,
        "Std Dev": 6.13973991264778,
        "Min": -46.98153264366108,
        "Max": 4.697365397320646,
        "percentile_95": 2.2478987778485244
    },
    "Heading Error": {
        "RMSE": 20.803382102271847,
        "Median": 0.39558432134441546,
        "Std Dev": 20.380142350970157,
        "Min": -14.839688510916858,
        "Max": 162.0834932033764,
        "percentile_95": 15.037165809640966
    }
}