{
    "Longitudinal Velocity": {
        "RMS": 10.2377799697229,
        "Median": 10.374117716079912,
        "std": 3.8336290705374028,
        "max": 13.659082622812129,
        "min": 0.2778092465144932
    },
    "Longitudinal Acceleration": {
        "RMS": 0.7476909021177388,
        "Median": 0.03766568679399867,
        "std": 0.7476023903714735,
        "max": 2.6807782766021093,
        "min": -4.741975321194093,
        "percentile_95": 1.0457963737914278
    },
    "Lateral Acceleration": {
        "RMS": 0.205457627112275,
        "Median": -0.0007339124202539171,
        "std": 0.20547482946749396,
        "max": 1.809318679905936,
        "min": -1.5509698654335904,
        "percentile_95": 0.278930818037007
    },
    "Longitudinal Jerk": {
        "RMS": 6.656202924227689,
        "std": 6.656587183750821,
        "max": 47.850188901079825,
        "min": -72.86712267843181,
        "percentile_95": 9.966348907745806,
        "long_jerk_exceed_count": 0
    },
    "Lateral Jerk": {
        "RMS": 4.036903176727545,
        "std": 4.0372424661010005,
        "max": 38.68335830719832,
        "min": -42.25993051388238,
        "percentile_95": 5.753866096399023,
        "lat_jerk_exceed_count": 0
    },
    "CTE": {
        "RMSE": 0.8288696174460021,
        "Median": 0.7364307784288282,
        "Std Dev": 0.3753858311661647,
        "Min": -0.07248846331413225,
        "Max": 3.2199032851120504,
        "percentile_95": 1.4324200464395447
    },
    "Heading Error": {
        "RMSE": 1.0869277916221278,
        "Median": 0.5010036062490428,
        "Std Dev": 0.8973491049466276,
        "Min": -9.217790399583208,
        "Max": 8.18450420184476,
        "percentile_95": 1.7760333278888396
    }
}