{
    "Longitudinal Velocity": {
        "RMS": 10.52329100103733,
        "Median": 11.155309234437384,
        "std": 4.007203021141489,
        "max": 13.397456083583467,
        "min": 0.2860853731757292
    },
    "Longitudinal Acceleration": {
        "RMS": 0.6929764530678354,
        "Median": 0.02099935273211099,
        "std": 0.6929167518420092,
        "max": 2.8270502477342427,
        "min": -4.330027807564967,
        "percentile_95": 1.0029871685253828
    },
    "Lateral Acceleration": {
        "RMS": 0.1887588265017141,
        "Median": -0.000960302052073279,
        "std": 0.1887750990600476,
        "max": 2.3017996241830083,
        "min": -1.3874404664700366,
        "percentile_95": 0.2561532559241871
    },
    "Longitudinal Jerk": {
        "RMS": 6.109794674048193,
        "std": 6.110225521824149,
        "max": 50.86494933487213,
        "min": -57.144738940873516,
        "percentile_95": 9.052374958294312,
        "long_jerk_exceed_count": 0
    },
    "Lateral Jerk": {
        "RMS": 3.739781002953665,
        "std": 3.7401031694822318,
        "max": 29.74607099700207,
        "min": -30.43150129697895,
        "percentile_95": 5.457452560916677,
        "lat_jerk_exceed_count": 2
    },
    "CTE": {
        "RMSE": 0.3542583480917798,
        "Median": 0.33571551196961463,
        "Std Dev": 0.15711765943416592,
        "Min": -0.1940502158817243,
        "Max": 0.9384852502918808,
        "percentile_95": 0.5608033172810956
    },
    "Heading Error": {
        "RMSE": 0.48077427501146025,
        "Median": 0.18685635995097982,
        "Std Dev": 0.4127418701529106,
        "Min": -1.95308059582797,
        "Max": 4.367854052772401,
        "percentile_95": 0.8239752913858638
    }
}