{
    "Longitudinal Velocity": {
        "RMS": 10.821893139329232,
        "Median": 12.276153059531403,
        "std": 5.5017465806887484,
        "max": 20.80729067156677,
        "min": -0.7655832741353887
    },
    "Longitudinal Acceleration": {
        "RMS": 1.016276980416967,
        "Median": 0.021271346462133356,
        "std": 1.0163305975471308,
        "max": 9.059726596919198,
        "min": -7.117539490576279,
        "percentile_95": 1.2852696773311605
    },
    "Lateral Acceleration": {
        "RMS": 0.15154845185901147,
        "Median": -0.00018464307493426608,
        "std": 0.15155994943222886,
        "max": 1.7063060061447943,
        "min": -2.049762225276919,
        "percentile_95": 0.19666533943693493
    },
    "Longitudinal Jerk": {
        "RMS": 9.638080495845783,
        "std": 9.638490473243333,
        "max": 173.021512978561,
        "min": -120.60973729495717,
        "percentile_95": 12.353551819747594,
        "long_jerk_exceed_count": 19
    },
    "Lateral Jerk": {
        "RMS": 3.7406762895483565,
        "std": 3.7409445630270577,
        "max": 42.02278368420624,
        "min": -113.63431510213547,
        "percentile_95": 4.600065997632102,
        "lat_jerk_exceed_count": 0
    },
    "CTE": {
        "RMSE": 0.4313956598314263,
        "Median": 0.19591089149837132,
        "Std Dev": 0.3591832064775704,
        "Min": -0.7149022921189423,
        "Max": 2.798506284890859,
        "percentile_95": 0.7940466140057587
    },
    "Heading Error": {
        "RMSE": 1.3685183324152024,
        "Median": 0.25040913225745953,
        "Std Dev": 1.3486932617790541,
        "Min": -8.30528382714499,
        "Max": 5.380803513372541,
        "percentile_95": 2.342647163549627
    }
}