{
    "Longitudinal Velocity": {
        "RMS": 10.532631693840656,
        "Median": 8.894506852447968,
        "std": 4.941134798301916,
        "max": 27.85600813966683,
        "min": 0.2824247127162771
    },
    "Longitudinal Acceleration": {
        "RMS": 0.9810823175862678,
        "Median": 0.01678457181375012,
        "std": 0.981101996714212,
        "max": 6.060229208637684,
        "min": -6.366628151498261,
        "percentile_95": 1.364998393628361
    },
    "Lateral Acceleration": {
        "RMS": 0.19770004732476126,
        "Median": 0.0002591306349903063,
        "std": 0.19771710444980367,
        "max": 1.4928794360174136,
        "min": -1.7036497243927669,
        "percentile_95": 0.28155521434336855
    },
    "Longitudinal Jerk": {
        "RMS": 8.6854396578299,
        "std": 8.686109143557202,
        "max": 89.6653307429141,
        "min": -84.51425698118211,
        "percentile_95": 12.446062694382185,
        "long_jerk_exceed_count": 19
    },
    "Lateral Jerk": {
        "RMS": 3.7632420413656273,
        "std": 3.7635673086023576,
        "max": 31.939547815881706,
        "min": -40.25591982927708,
        "percentile_95": 5.370303507241221,
        "lat_jerk_exceed_count": 0
    },
    "CTE": {
        "RMSE": 2.090509062916867,
        "Median": 0.08026331708015721,
        "Std Dev": 1.9949372416421018,
        "Min": -1.4925116782809558,
        "Max": 13.335639728688186,
        "percentile_95": 4.434058419924185
    },
    "Heading Error": {
        "RMSE": 5.813716973214655,
        "Median": 0.15776380115971733,
        "Std Dev": 5.80611812282646,
        "Min": -30.245009987332423,
        "Max": 34.559400011230395,
        "percentile_95": 7.694710835066969
    }
}