{
    "Longitudinal Velocity": {
        "RMS": 10.572049143787181,
        "Median": 10.568417264857043,
        "std": 3.705012642822275,
        "max": 13.383803224598893,
        "min": 0.3017363916036427
    },
    "Longitudinal Acceleration": {
        "RMS": 0.62318132759979,
        "Median": 0.017332037959947498,
        "std": 0.6227607491546132,
        "max": 2.707362496971156,
        "min": -3.368927291693945,
        "percentile_95": 0.993052551241728
    },
    "Lateral Acceleration": {
        "RMS": 0.14794686500785328,
        "Median": 7.948412474383726e-05,
        "std": 0.14795981502967237,
        "max": 1.5707766747395138,
        "min": -1.2189788177604486,
        "percentile_95": 0.20026073315558127
    },
    "Longitudinal Jerk": {
        "RMS": 6.041997311844995,
        "std": 6.0425056157405495,
        "max": 78.49052146271937,
        "min": -54.55318254816563,
        "percentile_95": 8.893039845004573,
        "long_jerk_exceed_count": 1
    },
    "Lateral Jerk": {
        "RMS": 3.538407069412483,
        "std": 3.5387142930644777,
        "max": 35.12024190309884,
        "min": -32.327609173911604,
        "percentile_95": 4.667734750258688,
        "lat_jerk_exceed_count": 0
    },
    "CTE": {
        "RMSE": 0.18964571631524627,
        "Median": -0.015320599859917714,
        "Std Dev": 0.1877702462792958,
        "Min": -0.5727637038245453,
        "Max": 0.9842353116484333,
        "percentile_95": 0.3454252384602307
    },
    "Heading Error": {
        "RMSE": 1.0026687422707188,
        "Median": -0.18786498367262539,
        "Std Dev": 0.9741008873363017,
        "Min": -6.266939296579551,
        "Max": 4.300789870025142,
        "percentile_95": 1.1775623871431307
    }
}