{
    "Longitudinal Velocity": {
        "RMS": 9.94527305402685,
        "Median": 9.609067700515604,
        "std": 4.147597684152988,
        "max": 13.457370535539624,
        "min": 0.2815063525962198
    },
    "Longitudinal Acceleration": {
        "RMS": 0.7731443962298298,
        "Median": 0.03825358092467132,
        "std": 0.7730326131984161,
        "max": 2.85491025478863,
        "min": -5.549134968535809,
        "percentile_95": 1.084836077382078
    },
    "Lateral Acceleration": {
        "RMS": 0.14723953306798643,
        "Median": 0.0020442498536830025,
        "std": 0.1472510455097512,
        "max": 1.6279936361201652,
        "min": -1.199962238385026,
        "percentile_95": 0.20034017788480002
    },
    "Longitudinal Jerk": {
        "RMS": 7.100073624583342,
        "std": 7.100484197326683,
        "max": 62.749638984447,
        "min": -51.635564489394966,
        "percentile_95": 11.187994259586421,
        "long_jerk_exceed_count": 0
    },
    "Lateral Jerk": {
        "RMS": 3.3064368112963245,
        "std": 3.3066902753188665,
        "max": 41.3335792888419,
        "min": -40.87099536961179,
        "percentile_95": 4.692722245300319,
        "lat_jerk_exceed_count": 0
    },
    "CTE": {
        "RMSE": 0.40568093150003204,
        "Median": 0.34512294329836624,
        "Std Dev": 0.23728168391758322,
        "Min": -0.2925234322088976,
        "Max": 1.2651582722892796,
        "percentile_95": 0.7555592525129804
    },
    "Heading Error": {
        "RMSE": 1.3887185520872734,
        "Median": 0.9442790138654971,
        "Std Dev": 0.9928243351906506,
        "Min": -5.523125389781995,
        "Max": 5.149102912487962,
        "percentile_95": 2.548013684738976
    }
}