{
    "CTE": {
        "RMSE": NaN,
        "Mean": NaN,
        "Std Dev": NaN,
        "Min": NaN,
        "Max": NaN
    },
    "Heading Error": {
        "RMSE": NaN,
        "Mean": NaN,
        "Std Dev": NaN,
        "Min": NaN,
        "Max": NaN
    },
    "Longitudinal Velocity": {
        "mean": 6.291785365308485,
        "std": 5.303948727564084,
        "max": 12.030757661873153,
        "min": -0.1023898871008879
    },
    "Lateral Velocity": {
        "mean": -0.04002057253995879,
        "std": 0.04808930868003603,
        "max": 0.05450786459569077,
        "min": -0.31026973644359074
    },
    "Longitudinal Acceleration": {
        "mean": -0.01703366441420197,
        "std": 0.580236091661641,
        "max": 3.172921160311278,
        "min": -6.826323692148758,
        "percentile_95": 0.8128179162037683
    },
    "Lateral Acceleration": {
        "mean": -5.120783636147721e-05,
        "std": 0.11321748244175545,
        "max": 2.392581895396936,
        "min": -1.1613568152049687,
        "percentile_95": 0.14789272112346732
    },
    "Longitudinal Jerk": {
        "mean": 0.007710646149864645,
        "std": 5.450375861747406,
        "max": 102.63010036504738,
        "min": -62.51964348901557,
        "percentile_95": 5.725086676577548,
        "long_jerk_exceed_count": 33
    },
    "Lateral Jerk": {
        "mean": -0.00045236643819807315,
        "std": 2.722011750861369,
        "max": 36.74068644362581,
        "min": -35.07774415736743,
        "percentile_95": 3.788009680386153,
        "lat_jerk_exceed_count": 3
    }
}