{
    "CTE": {
        "RMSE": NaN,
        "Mean": NaN,
        "Std Dev": NaN,
        "Min": NaN,
        "Max": NaN
    },
    "Heading Error": {
        "RMSE": NaN,
        "Mean": NaN,
        "Std Dev": NaN,
        "Min": NaN,
        "Max": NaN
    },
    "Longitudinal Velocity": {
        "mean": 3.4522964705004586,
        "std": 4.450188072761074,
        "max": 11.674577055878682,
        "min": -0.07264049395656101
    },
    "Lateral Velocity": {
        "mean": -0.005603616127735529,
        "std": 0.03351683812388984,
        "max": 0.34503504642630756,
        "min": -0.30415220648270336
    },
    "Longitudinal Acceleration": {
        "mean": 0.0014286478719795523,
        "std": 0.4607439340803512,
        "max": 2.7232478355090093,
        "min": -3.5867462608832907,
        "percentile_95": 0.8159390209093295
    },
    "Lateral Acceleration": {
        "mean": 6.066829907668704e-05,
        "std": 0.15496191892333933,
        "max": 2.4286980528632554,
        "min": -2.0086003547577,
        "percentile_95": 0.166108642099547
    },
    "Longitudinal Jerk": {
        "mean": -0.0013234064539183815,
        "std": 4.013206150815727,
        "max": 43.83708022447577,
        "min": -53.74242498987086,
        "percentile_95": 5.719307080925592,
        "long_jerk_exceed_count": 6
    },
    "Lateral Jerk": {
        "mean": -0.0010670060694121441,
        "std": 2.7796158854970345,
        "max": 34.55694005968932,
        "min": -41.30205143779336,
        "percentile_95": 3.368247976929421,
        "lat_jerk_exceed_count": 20
    }
}