{
    "CTE": {
        "RMSE": NaN,
        "Mean": NaN,
        "Std Dev": NaN,
        "Min": NaN,
        "Max": NaN
    },
    "Heading Error": {
        "RMSE": NaN,
        "Mean": NaN,
        "Std Dev": NaN,
        "Min": NaN,
        "Max": NaN
    },
    "Longitudinal Velocity": {
        "mean": 5.369052909132149,
        "std": 5.002661653655113,
        "max": 11.707044911920931,
        "min": -0.059443988864882544
    },
    "Lateral Velocity": {
        "mean": -0.04604402609110256,
        "std": 0.049074140757832965,
        "max": 0.038213729234063964,
        "min": -0.19430591295677954
    },
    "Longitudinal Acceleration": {
        "mean": -0.013509401991739957,
        "std": 0.5769545879005461,
        "max": 3.4143872637238677,
        "min": -5.986255310309675,
        "percentile_95": 0.8281817126388618
    },
    "Lateral Acceleration": {
        "mean": -5.191146432844438e-05,
        "std": 0.10749183694605172,
        "max": 1.6878436389496152,
        "min": -1.72440175224665,
        "percentile_95": 0.14299568577100102
    },
    "Longitudinal Jerk": {
        "mean": 0.008077894293724948,
        "std": 5.638495521207547,
        "max": 83.52204358937058,
        "min": -88.5574814456613,
        "percentile_95": 6.890197728830431,
        "long_jerk_exceed_count": 32
    },
    "Lateral Jerk": {
        "mean": -0.002217630436620673,
        "std": 2.5369127230599804,
        "max": 30.489530843954583,
        "min": -39.073124169566,
        "percentile_95": 3.72086934344041,
        "lat_jerk_exceed_count": 3
    }
}