{
    "CTE": {
        "RMSE": NaN,
        "Mean": NaN,
        "Std Dev": NaN,
        "Min": NaN,
        "Max": NaN
    },
    "Heading Error": {
        "RMSE": NaN,
        "Mean": NaN,
        "Std Dev": NaN,
        "Min": NaN,
        "Max": NaN
    },
    "Longitudinal Velocity": {
        "mean": 6.0190673260758905,
        "std": 4.98903673319009,
        "max": 11.668531778142631,
        "min": -0.03266164121808044
    },
    "Lateral Velocity": {
        "mean": -0.04407884686133024,
        "std": 0.04039576070470555,
        "max": 0.012442916862451997,
        "min": -0.1375296233468693
    },
    "Longitudinal Acceleration": {
        "mean": 0.010706481882006711,
        "std": 0.44215442902108143,
        "max": 2.7557676197370027,
        "min": -2.752966865723913,
        "percentile_95": 0.7551745586493761
    },
    "Lateral Acceleration": {
        "mean": 0.00012661471145677166,
        "std": 0.1074702203824559,
        "max": 0.9360498752832811,
        "min": -0.8825746265724937,
        "percentile_95": 0.1583779305626177
    },
    "Longitudinal Jerk": {
        "mean": -0.010885270080945829,
        "std": 3.900702003791236,
        "max": 36.50700107560045,
        "min": -40.56694105424979,
        "percentile_95": 5.430787713640018,
        "long_jerk_exceed_count": 1
    },
    "Lateral Jerk": {
        "mean": -0.0006703917880366425,
        "std": 2.5213360286514805,
        "max": 25.467832406693436,
        "min": -26.14089085806741,
        "percentile_95": 3.8902652407601916,
        "lat_jerk_exceed_count": 0
    }
}