{
    "CTE": {
        "RMSE": NaN,
        "Mean": NaN,
        "Std Dev": NaN,
        "Min": NaN,
        "Max": NaN
    },
    "Heading Error": {
        "RMSE": NaN,
        "Mean": NaN,
        "Std Dev": NaN,
        "Min": NaN,
        "Max": NaN
    },
    "Longitudinal Velocity": {
        "mean": 5.329384387192507,
        "std": 4.812166236841995,
        "max": 11.68964062724506,
        "min": -0.11679397630160739
    },
    "Lateral Velocity": {
        "mean": -0.04837383134245725,
        "std": 0.05831436525074678,
        "max": 0.16483181710385422,
        "min": -0.4829824715498164
    },
    "Longitudinal Acceleration": {
        "mean": -0.003999484775926513,
        "std": 0.6172342397302577,
        "max": 2.9044318948988517,
        "min": -5.691018856481416,
        "percentile_95": 0.9042962473353853
    },
    "Lateral Acceleration": {
        "mean": 0.0001309660510177464,
        "std": 0.17630341202766006,
        "max": 3.5765720021826546,
        "min": -2.38354688114111,
        "percentile_95": 0.2011021608839437
    },
    "Longitudinal Jerk": {
        "mean": -0.006999371151276853,
        "std": 5.8972767349446045,
        "max": 66.17664528797164,
        "min": -85.30844273946626,
        "percentile_95": 8.004180511367917,
        "long_jerk_exceed_count": 30
    },
    "Lateral Jerk": {
        "mean": -0.00013451943530345156,
        "std": 3.3946799138375336,
        "max": 39.11753951544387,
        "min": -48.216352175935114,
        "percentile_95": 4.460646527640202,
        "lat_jerk_exceed_count": 45
    }
}