{
    "CTE": {
        "RMSE": NaN,
        "Mean": NaN,
        "Std Dev": NaN,
        "Min": NaN,
        "Max": NaN
    },
    "Heading Error": {
        "RMSE": NaN,
        "Mean": NaN,
        "Std Dev": NaN,
        "Min": NaN,
        "Max": NaN
    },
    "Longitudinal Velocity": {
        "mean": 5.645369730039781,
        "std": 4.181387955147093,
        "max": 11.70008457836051,
        "min": -0.06211328335237379
    },
    "Lateral Velocity": {
        "mean": -0.04497177572061649,
        "std": 0.040498461351283134,
        "max": 0.2028511057819583,
        "min": -0.24309520463895323
    },
    "Longitudinal Acceleration": {
        "mean": 0.03075645333895286,
        "std": 0.5926293772485836,
        "max": 3.9062797634194486,
        "min": -4.5986266397682565,
        "percentile_95": 0.9911851374525906
    },
    "Lateral Acceleration": {
        "mean": -0.0003348541840525039,
        "std": 0.15092499206028187,
        "max": 2.3567123632985503,
        "min": -2.6424560715402525,
        "percentile_95": 0.18321592103575635
    },
    "Longitudinal Jerk": {
        "mean": 4.6348406710055544e-05,
        "std": 5.271053090555321,
        "max": 62.29367556500456,
        "min": -45.271917881811255,
        "percentile_95": 7.498533654617369,
        "long_jerk_exceed_count": 7
    },
    "Lateral Jerk": {
        "mean": -0.0004995993186680498,
        "std": 2.8316431721350925,
        "max": 25.396276127871996,
        "min": -30.571000684874353,
        "percentile_95": 3.8274727005251545,
        "lat_jerk_exceed_count": 9
    }
}