{
    "CTE": {
        "RMSE": 0.7722260328030649,
        "Mean": 0.30685795175180847,
        "Std Dev": 0.7086404188200425,
        "Min": 7.699511798278767e-05,
        "Max": 4.816233035564729
    },
    "Heading Error": {
        "RMSE": 1.7190984046123292,
        "Mean": 0.7555667158202124,
        "Std Dev": 1.544156165251855,
        "Min": 1.6279223210347027e-05,
        "Max": 5.5970641908377265
    },
    "Longitudinal Velocity": {
        "mean": 7.674035419453682,
        "std": 4.175190819499414,
        "max": 11.674577055878682,
        "min": -0.021791565952545906
    },
    "Lateral Velocity": {
        "mean": -0.016277472510416197,
        "std": 0.04117573983598203,
        "max": 0.14159644808577532,
        "min": -0.30415220648270336
    },
    "Longitudinal Acceleration": {
        "mean": 0.10989017410754415,
        "std": 0.5720729767882776,
        "max": 2.260269999316862,
        "min": -2.5640281733070713,
        "percentile_95": 1.0729561598998008
    },
    "Lateral Acceleration": {
        "mean": 0.0008515735331851214,
        "std": 0.21339308891946948,
        "max": 2.4286980528632554,
        "min": -2.0086003547577,
        "percentile_95": 0.2679475480310852
    },
    "Longitudinal Jerk": {
        "mean": 0.00032993669990842166,
        "std": 4.972076707174587,
        "max": 26.14083725288553,
        "min": -28.50264669745208,
        "percentile_95": 8.566906567826019,
        "long_jerk_exceed_count": 0
    },
    "Lateral Jerk": {
        "mean": 0.012371244538273813,
        "std": 3.926462329539315,
        "max": 32.2054715521682,
        "min": -34.00849805575384,
        "percentile_95": 5.415852967553077,
        "lat_jerk_exceed_count": 19
    }
}