{
    "CTE": {
        "RMSE": 0.26584533438675834,
        "Mean": 0.20874050760678337,
        "Std Dev": 0.16462424578193138,
        "Min": 0.00016830841017502143,
        "Max": 1.084166125857686
    },
    "Heading Error": {
        "RMSE": 1.7870584535182081,
        "Mean": 1.63982031600915,
        "Std Dev": 0.7103289713185998,
        "Min": 0.0013947471242151642,
        "Max": 3.1792032306185876
    },
    "Longitudinal Velocity": {
        "mean": 4.7650267354724365,
        "std": 4.897814795841953,
        "max": 11.571250792995851,
        "min": -0.048138513681274905
    },
    "Lateral Velocity": {
        "mean": -0.04038296191144251,
        "std": 0.04435369023991563,
        "max": 0.055759487336410764,
        "min": -0.2565208016063305
    },
    "Longitudinal Acceleration": {
        "mean": -0.01632504555803555,
        "std": 0.5598161140317318,
        "max": 3.2963313860977164,
        "min": -7.353404395350994,
        "percentile_95": 0.6861780564504777
    },
    "Lateral Acceleration": {
        "mean": 7.84805533256926e-05,
        "std": 0.11452441812173815,
        "max": 2.0184168687779915,
        "min": -1.405865068942419,
        "percentile_95": 0.14360035838041366
    },
    "Longitudinal Jerk": {
        "mean": -0.016163927426567914,
        "std": 5.411927585881065,
        "max": 82.88953076972098,
        "min": -113.41402094969612,
        "percentile_95": 5.853484573653555,
        "long_jerk_exceed_count": 11
    },
    "Lateral Jerk": {
        "mean": -0.0038958248014545308,
        "std": 2.574216773852996,
        "max": 41.35159101103774,
        "min": -28.258813166895248,
        "percentile_95": 3.597773081573193,
        "lat_jerk_exceed_count": 10
    }
}