{
    "Longitudinal Velocity": {
        "RMS": 10.493194778848435,
        "Median": 10.759187321512375,
        "std": 3.381247946383545,
        "max": 13.659082622812129,
        "min": 1.394854726773805
    },
    "Longitudinal Acceleration": {
        "RMS": 0.7354028430389434,
        "Median": 0.03766568679399867,
        "std": 0.7353104928179572,
        "max": 2.6807782766021093,
        "min": -4.741975321194093,
        "percentile_95": 1.020501756681835,
        "long_acc_exceed_count": 0
    },
    "Lateral Acceleration": {
        "RMS": 0.2103583521943954,
        "Median": -0.001096339386531093,
        "std": 0.21037685958042057,
        "max": 1.809318679905936,
        "min": -1.5509698654335904,
        "percentile_95": 0.2877195517899219
    },
    "Longitudinal Jerk": {
        "RMS": 6.586726023015332,
        "std": 6.587237245015383,
        "max": 47.850188901079825,
        "min": -72.86712267843181,
        "percentile_95": 9.9090904127203,
        "long_jerk_exceed_count": 0
    },
    "Lateral Jerk": {
        "RMS": 4.13272395687577,
        "std": 4.13308883293467,
        "max": 38.68335830719832,
        "min": -42.25993051388238,
        "percentile_95": 5.905624790419152,
        "lat_jerk_exceed_count": 0
    },
    "CTE": {
        "RMSE": 0.8356674139456852,
        "Median": 0.7353790860123574,
        "Std Dev": 0.3801348906958047,
        "Min": -0.07248846331413225,
        "Max": 3.2199032851120504,
        "percentile_95": 1.4356818970350413
    },
    "Heading Error": {
        "RMSE": 1.0969354840431242,
        "Median": 0.5022853877616598,
        "Std Dev": 0.9095189356213785,
        "Min": -9.217790399583208,
        "Max": 8.18450420184476,
        "percentile_95": 1.8045434664904358
    }
}