{
    "CTE": {
        "RMSE": 0.2488132096404872,
        "Mean": 0.1913561677891153,
        "Std Dev": 0.159030910016465,
        "Min": 0.0001254265170132983,
        "Max": 0.9946422690379497
    },
    "Heading Error": {
        "RMSE": 0.07714627962552263,
        "Mean": 0.03857158183684179,
        "Std Dev": 0.06681153743675672,
        "Min": 4.122003348516756e-05,
        "Max": 0.4117378370481215
    },
    "Longitudinal Velocity": {
        "mean": 9.385694295826141,
        "std": 3.6580838852881508,
        "max": 11.668531778142631,
        "min": -0.03266164121808044
    },
    "Lateral Velocity": {
        "mean": -0.06954199141451255,
        "std": 0.031679650740800924,
        "max": 0.006555388409293328,
        "min": -0.12875823749231607
    },
    "Longitudinal Acceleration": {
        "mean": 0.049700562824621417,
        "std": 0.5634143430311666,
        "max": 2.7557676197370027,
        "min": -2.752966865723913,
        "percentile_95": 0.9075223929154199
    },
    "Lateral Acceleration": {
        "mean": -0.00020158488369986335,
        "std": 0.1235221973075148,
        "max": 0.8393813334698127,
        "min": -0.8825746265724937,
        "percentile_95": 0.17890156001467689
    },
    "Longitudinal Jerk": {
        "mean": -0.0034089646443450825,
        "std": 4.902945825661695,
        "max": 36.50700107560045,
        "min": -40.56694105424979,
        "percentile_95": 6.920154975584323,
        "long_jerk_exceed_count": 1
    },
    "Lateral Jerk": {
        "mean": -0.002502433540800846,
        "std": 3.0039699702572165,
        "max": 25.467832406693436,
        "min": -26.14089085806741,
        "percentile_95": 4.37221223846942,
        "lat_jerk_exceed_count": 0
    }
}