{
    "Longitudinal Velocity": {
        "RMS": 10.764608883152121,
        "Median": 11.738315599266024,
        "std": 3.5966245332199724,
        "max": 13.397456083583467,
        "min": 1.3905899899081993
    },
    "Longitudinal Acceleration": {
        "RMS": 0.6746250188295152,
        "Median": 0.024176730969528236,
        "std": 0.6745649799081614,
        "max": 2.5328287689627893,
        "min": -4.330027807564967,
        "percentile_95": 0.9738012788703738,
        "long_acc_exceed_count": 0
    },
    "Lateral Acceleration": {
        "RMS": 0.1928495568524722,
        "Median": -0.0008249754656153751,
        "std": 0.19286694707917917,
        "max": 2.3017996241830083,
        "min": -1.3874404664700366,
        "percentile_95": 0.26077301515398127
    },
    "Longitudinal Jerk": {
        "RMS": 5.9076173310816245,
        "std": 5.908071206889069,
        "max": 50.55715266076279,
        "min": -57.144738940873516,
        "percentile_95": 8.778446769260528,
        "long_jerk_exceed_count": 0
    },
    "Lateral Jerk": {
        "RMS": 3.821185881743575,
        "std": 3.821530604745678,
        "max": 29.74607099700207,
        "min": -30.43150129697895,
        "percentile_95": 5.531758897396849,
        "lat_jerk_exceed_count": 2
    },
    "CTE": {
        "RMSE": 0.35504851610876514,
        "Median": 0.3375298983874212,
        "Std Dev": 0.15566843907920766,
        "Min": -0.19125542590621883,
        "Max": 0.9384852502918808,
        "percentile_95": 0.5644787853046136
    },
    "Heading Error": {
        "RMSE": 0.491729623304105,
        "Median": 0.19953505210223454,
        "Std Dev": 0.41886346635436733,
        "Min": -1.95308059582797,
        "Max": 4.367854052772401,
        "percentile_95": 0.8498427590069582
    }
}