{
    "CTE": {
        "RMSE": 0.3848641400552912,
        "Mean": 0.2289930708281955,
        "Std Dev": 0.3093260089503821,
        "Min": 4.641290480704797e-05,
        "Max": 2.397548490839362
    },
    "Heading Error": {
        "RMSE": 1.2890794647382404,
        "Mean": 0.5438410271482987,
        "Std Dev": 1.1687441138247976,
        "Min": 1.3290164821988526e-06,
        "Max": 5.571464059882205
    },
    "Longitudinal Velocity": {
        "mean": 8.44108990052867,
        "std": 4.512280904252281,
        "max": 12.030757661873153,
        "min": -0.0347159327718851
    },
    "Lateral Velocity": {
        "mean": -0.05618575312346965,
        "std": 0.04717500856933548,
        "max": 0.05450786459569077,
        "min": -0.31026973644359074
    },
    "Longitudinal Acceleration": {
        "mean": 0.01001540196460141,
        "std": 0.5936142776782329,
        "max": 3.172921160311278,
        "min": -6.6339073854721,
        "percentile_95": 0.9199213879446413
    },
    "Lateral Acceleration": {
        "mean": -0.00031330942279706375,
        "std": 0.13086783337458466,
        "max": 2.392581895396936,
        "min": -1.1613568152049687,
        "percentile_95": 0.16794646439126612
    },
    "Longitudinal Jerk": {
        "mean": -0.01470434870404812,
        "std": 5.571019680474407,
        "max": 59.423772251808906,
        "min": -62.51964348901557,
        "percentile_95": 7.173714301214956,
        "long_jerk_exceed_count": 5
    },
    "Lateral Jerk": {
        "mean": -0.0015775030475622264,
        "std": 3.1559470558912186,
        "max": 36.74068644362581,
        "min": -35.07774415736743,
        "percentile_95": 4.339964421836144,
        "lat_jerk_exceed_count": 3
    }
}