{
    "CTE": {
        "RMSE": 0.746376382289637,
        "Mean": 0.30355111374268295,
        "Std Dev": 0.6818610015137566,
        "Min": 4.6683639843706366e-05,
        "Max": 4.430523769653382
    },
    "Heading Error": {
        "RMSE": 1.4674444489823255,
        "Mean": 0.5596227816543707,
        "Std Dev": 1.3565454482259212,
        "Min": 5.908832068080017e-07,
        "Max": 5.570086651708163
    },
    "Longitudinal Velocity": {
        "mean": 6.725019237006678,
        "std": 4.369962008895103,
        "max": 11.699611121714828,
        "min": -0.03574084347967017
    },
    "Lateral Velocity": {
        "mean": -0.05438085596886308,
        "std": 0.039025516233061386,
        "max": 0.04424281542013579,
        "min": -0.1578391909964939
    },
    "Longitudinal Acceleration": {
        "mean": 0.19647547118008482,
        "std": 0.6638327185061073,
        "max": 3.3844235981815016,
        "min": -4.5986266397682565,
        "percentile_95": 1.1598343175440688
    },
    "Lateral Acceleration": {
        "mean": -6.9232307853666e-05,
        "std": 0.10744121908799692,
        "max": 0.8394514544171702,
        "min": -1.0581274666213565,
        "percentile_95": 0.16101686466935444
    },
    "Longitudinal Jerk": {
        "mean": 0.027538267009822457,
        "std": 6.04285811351032,
        "max": 56.41156708878981,
        "min": -44.75364900895503,
        "percentile_95": 9.198169633053611,
        "long_jerk_exceed_count": 4
    },
    "Lateral Jerk": {
        "mean": 0.011280866527071963,
        "std": 2.489820277836573,
        "max": 21.951332250082693,
        "min": -24.76121081412912,
        "percentile_95": 3.626796345793557,
        "lat_jerk_exceed_count": 0
    }
}