{
    "CTE": {
        "RMSE": 0.28602380468169525,
        "Mean": 0.22564785147273803,
        "Std Dev": 0.17576309046648483,
        "Min": 0.0002718211588603804,
        "Max": 1.160258751446147
    },
    "Heading Error": {
        "RMSE": 1.6340509507034782,
        "Mean": 0.78366065794822,
        "Std Dev": 1.4338753372169786,
        "Min": 1.3369313034417019e-06,
        "Max": 5.573256793429737
    },
    "Longitudinal Velocity": {
        "mean": 8.355450393967331,
        "std": 3.7918421987529243,
        "max": 11.707044911920931,
        "min": -0.059443988864882544
    },
    "Lateral Velocity": {
        "mean": -0.07091876006094797,
        "std": 0.04342299767927779,
        "max": 0.038213729234063964,
        "min": -0.19430591295677954
    },
    "Longitudinal Acceleration": {
        "mean": 0.018766558849550936,
        "std": 0.6526379848502246,
        "max": 3.4143872637238677,
        "min": -3.725317936439061,
        "percentile_95": 0.997061415307181
    },
    "Lateral Acceleration": {
        "mean": -0.000589379202958181,
        "std": 0.1348457437371498,
        "max": 1.6878436389496152,
        "min": -1.72440175224665,
        "percentile_95": 0.18396033468156997
    },
    "Longitudinal Jerk": {
        "mean": 0.024086315370253228,
        "std": 6.492168646391413,
        "max": 68.25162057759586,
        "min": -78.54889187120553,
        "percentile_95": 9.342156286890454,
        "long_jerk_exceed_count": 29
    },
    "Lateral Jerk": {
        "mean": -0.0034226996506951297,
        "std": 3.18594066928192,
        "max": 30.489530843954583,
        "min": -39.073124169566,
        "percentile_95": 4.639953854157449,
        "lat_jerk_exceed_count": 3
    }
}