{
    "Longitudinal Velocity": {
        "RMS": 10.47165247355655,
        "Median": 10.2688782685857,
        "std": 3.3686544146662056,
        "max": 13.381828106138634,
        "min": 1.3906406348884952
    },
    "Longitudinal Acceleration": {
        "RMS": 0.7138808133606469,
        "Median": 0.023153272150680845,
        "std": 0.7136955196594166,
        "max": 2.2821466739247103,
        "min": -5.566712531188564,
        "percentile_95": 1.0060433334776215,
        "long_acc_exceed_count": 0
    },
    "Lateral Acceleration": {
        "RMS": 0.19995618566888151,
        "Median": -0.0004964262643992316,
        "std": 0.19997366410738016,
        "max": 1.944305671317435,
        "min": -1.4236094516310698,
        "percentile_95": 0.2692570046783564
    },
    "Longitudinal Jerk": {
        "RMS": 6.416686927963174,
        "std": 6.417201693271434,
        "max": 65.53424636485467,
        "min": -82.0910298268297,
        "percentile_95": 9.097259284410752,
        "long_jerk_exceed_count": 0
    },
    "Lateral Jerk": {
        "RMS": 4.076461223353275,
        "std": 4.076821281585215,
        "max": 37.36152484197959,
        "min": -38.58542551448372,
        "percentile_95": 5.690744688003278,
        "lat_jerk_exceed_count": 1
    },
    "CTE": {
        "RMSE": 0.38191176117428427,
        "Median": 0.07226796881189358,
        "Std Dev": 0.3453320678436171,
        "Min": -0.40145253311542106,
        "Max": 1.2956052859489706,
        "percentile_95": 0.8621153217606753
    },
    "Heading Error": {
        "RMSE": 0.692544266970078,
        "Median": 0.04190861739010643,
        "Std Dev": 0.6863635091476399,
        "Min": -4.057760102880337,
        "Max": 6.059782415967192,
        "percentile_95": 1.083812197352632
    }
}