{
    "Longitudinal Velocity": {
        "RMS": 11.932996348598614,
        "Median": 11.393384225759794,
        "std": 4.59122914969785,
        "max": 27.018376238762798,
        "min": 1.39600645048895
    },
    "Longitudinal Acceleration": {
        "RMS": 1.0632977476857306,
        "Median": 0.04652497874576612,
        "std": 1.0633873234504845,
        "max": 4.794558985613889,
        "min": -5.507781916578622,
        "percentile_95": 1.5096394536420494,
        "long_acc_exceed_count": 0
    },
    "Lateral Acceleration": {
        "RMS": 0.36110250337927186,
        "Median": -0.004083848738907999,
        "std": 0.3611395665074584,
        "max": 3.1759137097864225,
        "min": -3.545425543219047,
        "percentile_95": 0.5087892599042705
    },
    "Longitudinal Jerk": {
        "RMS": 9.47102209276117,
        "std": 9.471786882801643,
        "max": 75.97907692538298,
        "min": -83.20621740665929,
        "percentile_95": 14.07505737823849,
        "long_jerk_exceed_count": 8
    },
    "Lateral Jerk": {
        "RMS": 6.386665062981241,
        "std": 6.387319894515195,
        "max": 59.68408453395465,
        "min": -55.25269318085244,
        "percentile_95": 8.697588000008237,
        "lat_jerk_exceed_count": 6
    },
    "CTE": {
        "RMSE": 1.5222076495798211,
        "Median": 0.04526657340506052,
        "Std Dev": 1.5117582292101437,
        "Min": -4.192113050581664,
        "Max": 8.602413697482566,
        "percentile_95": 2.4806903650325856
    },
    "Heading Error": {
        "RMSE": 4.332099172958127,
        "Median": 0.2250498422359044,
        "Std Dev": 4.3278897258457025,
        "Min": -20.336801305327896,
        "Max": 22.301214622813376,
        "percentile_95": 5.967440498780564
    }
}