{
    "Longitudinal Velocity": {
        "RMS": 11.71593023391028,
        "Median": 13.072417131377792,
        "std": 4.365759863555356,
        "max": 20.80729067156677,
        "min": 1.3895542173239341
    },
    "Longitudinal Acceleration": {
        "RMS": 1.0690922481172696,
        "Median": 0.0209196070561273,
        "std": 1.0691511955073536,
        "max": 9.059726596919198,
        "min": -7.117539490576279,
        "percentile_95": 1.3124439612174608,
        "long_acc_exceed_count": 9
    },
    "Lateral Acceleration": {
        "RMS": 0.1630164285461353,
        "Median": 0.00021715731713084523,
        "std": 0.1630314263191561,
        "max": 1.7063060061447943,
        "min": -2.049762225276919,
        "percentile_95": 0.21123792086494456
    },
    "Longitudinal Jerk": {
        "RMS": 10.12872174853103,
        "std": 10.129334178298278,
        "max": 173.021512978561,
        "min": -120.60973729495717,
        "percentile_95": 13.240220876135554,
        "long_jerk_exceed_count": 8
    },
    "Lateral Jerk": {
        "RMS": 4.0299837521533,
        "std": 4.03031755035986,
        "max": 42.02278368420624,
        "min": -113.63431510213547,
        "percentile_95": 5.047472957636359,
        "lat_jerk_exceed_count": 0
    },
    "CTE": {
        "RMSE": 0.46205724561365,
        "Median": 0.20009712172705882,
        "Std Dev": 0.38601820371258405,
        "Min": -0.7149022921189423,
        "Max": 2.798506284890859,
        "percentile_95": 0.8679867610041073
    },
    "Heading Error": {
        "RMSE": 1.4392276692578632,
        "Median": 0.27385260658735433,
        "Std Dev": 1.4052927387604226,
        "Min": -8.30528382714499,
        "Max": 5.380803513372541,
        "percentile_95": 2.534384104766758
    }
}