{
    "CTE": {
        "RMSE": 0.4481461128451159,
        "Mean": 0.22347493333772422,
        "Std Dev": 0.388450630875903,
        "Min": 7.727320839664777e-05,
        "Max": 6.2465269811488975
    },
    "Heading Error": {
        "RMSE": 1.8085991736206748,
        "Mean": 1.6422604953478426,
        "Std Dev": 0.7576354243574193,
        "Min": 0.003203766611497419,
        "Max": 3.1687280881372355
    },
    "Longitudinal Velocity": {
        "mean": 4.321145689497974,
        "std": 4.664720805338723,
        "max": 11.566050512443065,
        "min": -0.037130906383289745
    },
    "Lateral Velocity": {
        "mean": -0.015575863511101094,
        "std": 0.024701888856357785,
        "max": 0.15890957986551485,
        "min": -0.2568235965712676
    },
    "Longitudinal Acceleration": {
        "mean": -0.000134261029180924,
        "std": 0.49512659852422586,
        "max": 3.001179997494957,
        "min": -10.191653922101562,
        "percentile_95": 0.7021493275123964
    },
    "Lateral Acceleration": {
        "mean": -8.828758163678209e-05,
        "std": 0.13598292052327754,
        "max": 1.7988734780190399,
        "min": -2.097090914249203,
        "percentile_95": 0.1614609990913346
    },
    "Longitudinal Jerk": {
        "mean": -0.013554134585826452,
        "std": 4.576613096936389,
        "max": 69.79486991702515,
        "min": -79.39476454491466,
        "percentile_95": 5.516677104802723,
        "long_jerk_exceed_count": 21
    },
    "Lateral Jerk": {
        "mean": -0.0009709655853273269,
        "std": 2.7236728237209347,
        "max": 58.0029060114489,
        "min": -44.43638543525392,
        "percentile_95": 3.6133805524159617,
        "lat_jerk_exceed_count": 28
    }
}