{
    "CTE": {
        "RMSE": 1.067908926642328,
        "Mean": 0.6269237892199958,
        "Std Dev": 0.8645206984869775,
        "Min": 0.00010541982731967696,
        "Max": 8.473360960290083
    },
    "Heading Error": {
        "RMSE": 1.5728601775185398,
        "Mean": 0.7604278989951468,
        "Std Dev": 1.3768219015012357,
        "Min": 3.011469077884854e-06,
        "Max": 5.566435300727418
    },
    "Longitudinal Velocity": {
        "mean": 8.509431491026907,
        "std": 3.6363555255383733,
        "max": 11.68964062724506,
        "min": -0.11679397630160739
    },
    "Lateral Velocity": {
        "mean": -0.07742912467383854,
        "std": 0.06122020818589044,
        "max": 0.16483181710385422,
        "min": -0.4829824715498164
    },
    "Longitudinal Acceleration": {
        "mean": 0.05254157640381873,
        "std": 0.6911697606897914,
        "max": 2.7106340577175607,
        "min": -5.691018856481416,
        "percentile_95": 1.0430940404941853
    },
    "Lateral Acceleration": {
        "mean": -0.0003086238010253372,
        "std": 0.23263651418731426,
        "max": 3.5765720021826546,
        "min": -2.38354688114111,
        "percentile_95": 0.28039144579325903
    },
    "Longitudinal Jerk": {
        "mean": 0.004511982010626329,
        "std": 6.644163200804985,
        "max": 66.17664528797164,
        "min": -85.30844273946626,
        "percentile_95": 9.630770557784814,
        "long_jerk_exceed_count": 26
    },
    "Lateral Jerk": {
        "mean": 0.0023403274860539,
        "std": 4.414201301592354,
        "max": 39.11753951544387,
        "min": -48.216352175935114,
        "percentile_95": 5.894144103889037,
        "lat_jerk_exceed_count": 45
    }
}