{
    "Longitudinal Velocity": {
        "RMS": 10.813833138231825,
        "Median": 9.231759768985459,
        "std": 4.65086290674108,
        "max": 27.85600813966683,
        "min": 1.3916341640515004
    },
    "Longitudinal Acceleration": {
        "RMS": 0.9815915073082773,
        "Median": 0.020108307060722665,
        "std": 0.9816126914596831,
        "max": 6.060229208637684,
        "min": -6.366628151498261,
        "percentile_95": 1.3271310267540195,
        "long_acc_exceed_count": 0
    },
    "Lateral Acceleration": {
        "RMS": 0.20275194291532653,
        "Median": 9.874919113927274e-06,
        "std": 0.20277038325991886,
        "max": 1.4928794360174136,
        "min": -1.7036497243927669,
        "percentile_95": 0.28915687038074844
    },
    "Longitudinal Jerk": {
        "RMS": 8.665650164271824,
        "std": 8.666389998877323,
        "max": 89.6653307429141,
        "min": -84.51425698118211,
        "percentile_95": 12.189956379713136,
        "long_jerk_exceed_count": 15
    },
    "Lateral Jerk": {
        "RMS": 3.8587442403304193,
        "std": 3.8590961604429044,
        "max": 31.939547815881706,
        "min": -40.25591982927708,
        "percentile_95": 5.531595114069815,
        "lat_jerk_exceed_count": 0
    },
    "CTE": {
        "RMSE": 2.146321828054416,
        "Median": 0.08257544803295952,
        "Std Dev": 2.043144881373044,
        "Min": -1.4925116782809558,
        "Max": 13.335639728688186,
        "percentile_95": 4.679031218366883
    },
    "Heading Error": {
        "RMSE": 5.968465332107827,
        "Median": 0.1489600929053836,
        "Std Dev": 5.961450577695954,
        "Min": -30.245009987332423,
        "Max": 34.559400011230395,
        "percentile_95": 8.232723240318228
    }
}