{
    "CTE": {
        "RMSE": 0.4992925925362845,
        "Mean": 0.43342164755101076,
        "Std Dev": 0.24786844977885264,
        "Min": 0.0,
        "Max": 1.2463355530509639
    },
    "Heading Error": {
        "RMSE": 1.5067636456067968,
        "Mean": 0.6875253909292016,
        "Std Dev": 1.3407630366884125,
        "Min": 9.969625762273893e-06,
        "Max": 5.572315361132077
    },
    "Longitudinal Velocity": {
        "mean": 8.700826677967306,
        "std": 3.534936944354792,
        "max": 11.68617848953526,
        "min": -0.03418492287520692
    },
    "Lateral Velocity": {
        "mean": -0.06540803430870346,
        "std": 0.045595740910957167,
        "max": 0.20945010698219355,
        "min": -0.4487972239763352
    },
    "Longitudinal Acceleration": {
        "mean": -0.004803214723809161,
        "std": 0.6371614577004343,
        "max": 2.5445495689655075,
        "min": -3.6838311880020997,
        "percentile_95": 0.9673085175890469
    },
    "Lateral Acceleration": {
        "mean": -0.0007439328117117234,
        "std": 0.22544320167942983,
        "max": 2.6198430126486763,
        "min": -2.235251692742365,
        "percentile_95": 0.24307143152485344
    },
    "Longitudinal Jerk": {
        "mean": -0.008878685530521022,
        "std": 6.373705894138714,
        "max": 80.57227619336408,
        "min": -99.36895030876498,
        "percentile_95": 9.4599683114362,
        "long_jerk_exceed_count": 9
    },
    "Lateral Jerk": {
        "mean": 0.011760397850280453,
        "std": 4.25976563452637,
        "max": 78.21721352913922,
        "min": -54.160007776466685,
        "percentile_95": 5.424041995850017,
        "lat_jerk_exceed_count": 65
    }
}