{
    "Longitudinal Velocity": {
        "RMS": 11.529419174261285,
        "Median": 10.61902957013421,
        "std": 4.669849234739728,
        "max": 28.36548116142971,
        "min": 1.3923896588340865
    },
    "Longitudinal Acceleration": {
        "RMS": 1.076029903187889,
        "Median": -0.02057095237543838,
        "std": 1.0761024466016236,
        "max": 4.818435414207941,
        "min": -7.611043252301745,
        "percentile_95": 1.5640220000153848,
        "long_acc_exceed_count": 0
    },
    "Lateral Acceleration": {
        "RMS": 0.2671602381640254,
        "Median": 0.00021414061776530168,
        "std": 0.267187704970831,
        "max": 2.303402304635075,
        "min": -2.203541540551414,
        "percentile_95": 0.38042468343189134
    },
    "Longitudinal Jerk": {
        "RMS": 9.477067749291745,
        "std": 9.477986522360615,
        "max": 79.87657113182608,
        "min": -76.39048385938251,
        "percentile_95": 14.27752284403736,
        "long_jerk_exceed_count": 6
    },
    "Lateral Jerk": {
        "RMS": 4.880510771449805,
        "std": 4.88101479543065,
        "max": 39.41987830214408,
        "min": -47.20915973806417,
        "percentile_95": 7.028280204802984,
        "lat_jerk_exceed_count": 0
    },
    "CTE": {
        "RMSE": 6.35530197753959,
        "Median": 0.0656609405075059,
        "Std Dev": 6.282960960191449,
        "Min": -46.98153264366108,
        "Max": 4.697365397320646,
        "percentile_95": 2.475538943151171
    },
    "Heading Error": {
        "RMSE": 21.298936220616294,
        "Median": 0.41026639147476374,
        "Std Dev": 20.842280489136442,
        "Min": -14.839688510916858,
        "Max": 162.0834932033764,
        "percentile_95": 17.03918359925382
    }
}