{
    "Longitudinal Velocity": {
        "RMS": 10.288070279646686,
        "Median": 10.105471450818179,
        "std": 3.662779211286911,
        "max": 13.457370535539624,
        "min": 1.3930666138406949
    },
    "Longitudinal Acceleration": {
        "RMS": 0.7652910556664397,
        "Median": 0.03599973826281838,
        "std": 0.7651737247886703,
        "max": 2.759230841474071,
        "min": -5.549134968535809,
        "percentile_95": 1.0802944526542484,
        "long_acc_exceed_count": 0
    },
    "Lateral Acceleration": {
        "RMS": 0.15153007322650988,
        "Median": 0.0017414318376371735,
        "std": 0.15154299628863088,
        "max": 1.6279936361201652,
        "min": -1.199962238385026,
        "percentile_95": 0.20598765432579508
    },
    "Longitudinal Jerk": {
        "RMS": 7.0004792074620665,
        "std": 7.001051689690829,
        "max": 62.749638984447,
        "min": -51.635564489394966,
        "percentile_95": 11.05804890111167,
        "long_jerk_exceed_count": 1
    },
    "Lateral Jerk": {
        "RMS": 3.4061485695059224,
        "std": 3.406423414882809,
        "max": 41.3335792888419,
        "min": -40.87099536961179,
        "percentile_95": 4.768236225340516,
        "lat_jerk_exceed_count": 0
    },
    "CTE": {
        "RMSE": 0.41952234108291264,
        "Median": 0.3714223406081305,
        "Std Dev": 0.2329429589023566,
        "Min": -0.2925234322088976,
        "Max": 1.2651582722892796,
        "percentile_95": 0.7617579374487844
    },
    "Heading Error": {
        "RMSE": 1.4125772683691298,
        "Median": 0.9498740013168856,
        "Std Dev": 1.0219072407119074,
        "Min": -5.523125389781995,
        "Max": 5.149102912487962,
        "percentile_95": 2.589725485324265
    }
}