{
    "Longitudinal Velocity": {
        "RMS": 10.764993714526682,
        "Median": 11.043276696802637,
        "std": 3.3288078207735143,
        "max": 13.383803224598893,
        "min": 1.394948244003707
    },
    "Longitudinal Acceleration": {
        "RMS": 0.6100284574876232,
        "Median": 0.017363994247977372,
        "std": 0.6095729311632112,
        "max": 2.5242631753949305,
        "min": -3.368927291693945,
        "percentile_95": 0.9844320083895671,
        "long_acc_exceed_count": 0
    },
    "Lateral Acceleration": {
        "RMS": 0.15050700561579372,
        "Median": 7.948412474383726e-05,
        "std": 0.15052064708449822,
        "max": 1.5707766747395138,
        "min": -1.2189788177604486,
        "percentile_95": 0.20336959036363478
    },
    "Longitudinal Jerk": {
        "RMS": 5.924306793625615,
        "std": 5.9248313479517245,
        "max": 78.49052146271937,
        "min": -54.55318254816563,
        "percentile_95": 8.744207526543008,
        "long_jerk_exceed_count": 0
    },
    "Lateral Jerk": {
        "RMS": 3.600479290422232,
        "std": 3.6008037553656562,
        "max": 35.12024190309884,
        "min": -32.327609173911604,
        "percentile_95": 4.738628838762377,
        "lat_jerk_exceed_count": 0
    },
    "CTE": {
        "RMSE": 0.1930973501313404,
        "Median": -0.015269124113923234,
        "Std Dev": 0.1910434778353491,
        "Min": -0.5727637038245453,
        "Max": 0.9842353116484333,
        "percentile_95": 0.3587425602537378
    },
    "Heading Error": {
        "RMSE": 1.019000154980696,
        "Median": -0.19807902218296647,
        "Std Dev": 0.990293955253844,
        "Min": -6.266939296579551,
        "Max": 4.300789870025142,
        "percentile_95": 1.2126166237967617
    }
}